{"images":[{"time":3.62167,"status":"Complete","file":"http:\/\/graph.facebook.com\/5141454\/picture?width=9999","width":960,"height":960,"image_id":"7d73dea43e2434540df2411de3b0e876","image_expiration":"2015-04-13 10:28 -0400","faces":[{"topLeftX":272,"topLeftY":48,"width":124,"height":124,"leftEyeCenterX":308.70778412506,"leftEyeCenterY":94.256933536161,"rightEyeCenterX":353.91524354188,"rightEyeCenterY":106.7433861134,"noseTipX":332.06200932708,"noseTipY":109.50659063396,"noseBtwEyesX":335.89923199837,"noseBtwEyesY":95.839046807782,"chinTipX":320.1062781475,"chinTipY":159.96870899916,"leftEyeCornerLeftX":301.8392194127,"leftEyeCornerLeftY":91.59955876758,"leftEyeCornerRightX":318.08565014062,"leftEyeCornerRightY":96.086877662524,"rightEyeCornerLeftX":343.83101097293,"rightEyeCornerLeftY":104.71834116551,"rightEyeCornerRightX":359.56617596899,"rightEyeCornerRightY":108.30419268555,"rightEarTragusX":-1,"rightEarTragusY":-1,"leftEarTragusX":270.16145193344,"leftEarTragusY":112.03330074201,"leftEyeBrowLeftX":298.18196630186,"leftEyeBrowLeftY":77.877329167915,"leftEyeBrowMiddleX":313.68405409765,"leftEyeBrowMiddleY":77.806149817689,"leftEyeBrowRightX":326.39229223402,"leftEyeBrowRightY":85.06025843864,"rightEyeBrowLeftX":349.43525556758,"rightEyeBrowLeftY":92.26691415944,"rightEyeBrowMiddleX":362.99500558225,"rightEyeBrowMiddleY":93.862144116699,"rightEyeBrowRightX":368.86947181653,"rightEyeBrowRightY":99.197641405447,"nostrilLeftHoleBottomX":323.60928101242,"nostrilLeftHoleBottomY":115.98036673068,"nostrilRightHoleBottomX":335.22669324598,"nostrilRightHoleBottomY":119.24200599542,"nostrilLeftSideX":316.85957645437,"nostrilLeftSideY":111.13638550002,"nostrilRightSideX":341.07743303479,"nostrilRightSideY":119.41014067857,"lipCornerLeftX":304.56962546842,"lipCornerLeftY":131.27770542292,"lipLineMiddleX":323.70418679429,"lipLineMiddleY":136.64981715309,"lipCornerRightX":335.8131150845,"lipCornerRightY":140.78669474236,"pitch":5.9550242420199,"yaw":-19.740869945148,"roll":15.397931817875,"setpose_image":"http:\/\/api.animetrics.com\/img\/setpose\/2ad2478415e5cef46793dfc6165a7e3e.jpg","attributes":{"gender":{"time":0.70037,"type":"F","confidence":"100%"}}}]}]}