{"images":[{"time":2.90795,"status":"Complete","file":"http:\/\/graph.facebook.com\/502079607\/picture?width=9999","width":960,"height":960,"image_id":"60b621c3b1322a458a27dde8dcb0fe6c","image_expiration":"2015-04-13 10:38 -0400","faces":[{"topLeftX":408,"topLeftY":44,"width":468,"height":468,"leftEyeCenterX":528.9,"leftEyeCenterY":239,"rightEyeCenterX":741.45,"rightEyeCenterY":215.6,"noseTipX":648.18268404451,"noseTipY":305.40091919,"noseBtwEyesX":628.81285546391,"noseBtwEyesY":205.29671046485,"chinTipX":657.48672745671,"chinTipY":543.47164149646,"leftEyeCornerLeftX":489.4125,"leftEyeCornerLeftY":246.70859375,"leftEyeCornerRightX":576.1265625,"leftEyeCornerRightY":240.5234375,"rightEyeCornerLeftX":695.6859375,"rightEyeCornerLeftY":227.3609375,"rightEyeCornerRightX":778.34765625,"rightEyeCornerRightY":214.89921875,"rightEarTragusX":-1,"rightEarTragusY":-1,"leftEarTragusX":-1,"leftEarTragusY":-1,"leftEyeBrowLeftX":440.79423729722,"leftEyeBrowLeftY":204.91583963701,"leftEyeBrowMiddleX":504.72147948177,"leftEyeBrowMiddleY":169.56998106083,"leftEyeBrowRightX":577.06963228499,"leftEyeBrowRightY":174.18153906319,"rightEyeBrowLeftX":671.28671838415,"rightEyeBrowLeftY":162.38417145026,"rightEyeBrowMiddleX":754.56644757254,"rightEyeBrowMiddleY":145.12101565413,"rightEyeBrowRightX":829.44260771903,"rightEyeBrowRightY":169.92194922456,"nostrilLeftHoleBottomX":616.64617803503,"nostrilLeftHoleBottomY":353.77924638781,"nostrilRightHoleBottomX":683.94409667729,"nostrilRightHoleBottomY":345.35255523572,"nostrilLeftSideX":579.6265422562,"nostrilLeftSideY":331.07342453976,"nostrilRightSideX":718.85127914446,"nostrilRightSideY":323.89339546201,"lipCornerLeftX":580.49233347298,"lipCornerLeftY":447.16522432258,"lipLineMiddleX":657.04227079715,"lipLineMiddleY":430.74473764165,"lipCornerRightX":738.64244228228,"lipCornerRightY":427.36250011517,"pitch":3.9479493139775,"yaw":5.6384124213868,"roll":-5.4671406017659,"setpose_image":"http:\/\/api.animetrics.com\/img\/setpose\/9a4d9c054a0aa71745c1a4f52dd35307.jpg","attributes":{"gender":{"time":0.67557,"type":"M","confidence":"80%"}}}]}]}