{"images":[{"time":3.22886,"status":"Complete","file":"http:\/\/graph.facebook.com\/501253837\/picture?width=9999","width":480,"height":720,"image_id":"c6b9650360bc12a4e15d4370787ee567","image_expiration":"2015-04-13 10:35 -0400","faces":[{"topLeftX":236,"topLeftY":76,"width":92,"height":92,"leftEyeCenterX":256.91671111111,"leftEyeCenterY":110.60964444444,"rightEyeCenterX":270.88231111111,"rightEyeCenterY":111.24444444444,"noseTipX":264.06674480777,"noseTipY":117.03285005843,"noseBtwEyesX":262.85075236754,"noseBtwEyesY":110.07804870544,"chinTipX":-1,"chinTipY":-1,"leftEyeCornerLeftX":254.07002986111,"leftEyeCornerLeftY":110.69891319444,"leftEyeCornerRightX":259.50550486111,"leftEyeCornerRightY":111.38330694444,"rightEyeCornerLeftX":267.35123611111,"rightEyeCornerLeftY":111.95859444444,"rightEyeCornerRightX":271.74524236111,"rightEyeCornerRightY":111.50233194444,"rightEarTragusX":-1,"rightEarTragusY":-1,"leftEarTragusX":-1,"leftEarTragusY":-1,"leftEyeBrowLeftX":252.4380243889,"leftEyeBrowLeftY":108.44719167602,"leftEyeBrowMiddleX":255.84467917073,"leftEyeBrowMiddleY":106.89423087633,"leftEyeBrowRightX":260.01277769399,"leftEyeBrowRightY":107.46291098451,"rightEyeBrowLeftX":265.45837176043,"rightEyeBrowLeftY":107.4492307928,"rightEyeBrowMiddleX":270.08237544942,"rightEyeBrowMiddleY":106.98716376508,"rightEyeBrowRightX":273.37625528871,"rightEyeBrowRightY":108.57155435012,"nostrilLeftHoleBottomX":261.04833022616,"nostrilLeftHoleBottomY":119.43747455307,"nostrilRightHoleBottomX":265.02230864931,"nostrilRightHoleBottomY":119.58032281377,"nostrilLeftSideX":258.99435428254,"nostrilLeftSideY":118.31650746306,"nostrilRightSideX":266.94982945834,"nostrilRightSideY":118.39304722547,"lipCornerLeftX":-1,"lipCornerLeftY":-1,"lipLineMiddleX":-1,"lipLineMiddleY":-1,"lipCornerRightX":-1,"lipCornerRightY":-1,"pitch":0.32165485984495,"yaw":-2.3833034315566,"roll":0.23567409375158,"setpose_image":"http:\/\/api.animetrics.com\/img\/setpose\/382f01e4243c45d6dc9c6c90612c7ab3.jpg","attributes":{"gender":{"time":0.56954,"type":"M","confidence":"50%"}}}]}]}