{"images":[{"time":3.10388,"status":"Complete","file":"http:\/\/graph.facebook.com\/501238783\/picture?width=9999","width":960,"height":960,"image_id":"b1a983b8c5b6eefb0b7ef0eed92a8238","image_expiration":"2015-04-13 10:35 -0400","faces":[{"topLeftX":404,"topLeftY":56,"width":132,"height":132,"leftEyeCenterX":445.25,"leftEyeCenterY":109.35,"rightEyeCenterX":491.45,"rightEyeCenterY":102.75,"noseTipX":468.7250419095,"noseTipY":131.30645040826,"noseBtwEyesX":467.09258719937,"noseBtwEyesY":101.75624040018,"chinTipX":480.73564817593,"chinTipY":182.90414278182,"leftEyeCornerLeftX":438.753125,"leftEyeCornerLeftY":110.278125,"leftEyeCornerRightX":456.18125,"leftEyeCornerRightY":108.525,"rightEyeCornerLeftX":482.16875,"rightEyeCornerLeftY":104.8125,"rightEyeCornerRightX":503,"rightEyeCornerRightY":101.1,"rightEarTragusX":-1,"rightEarTragusY":-1,"leftEarTragusX":-1,"leftEarTragusY":-1,"leftEyeBrowLeftX":428.2406599592,"leftEyeBrowLeftY":102.57191800247,"leftEyeBrowMiddleX":439.34136763202,"leftEyeBrowMiddleY":95.459775045232,"leftEyeBrowRightX":454.6075789783,"leftEyeBrowRightY":95.32994662138,"rightEyeBrowLeftX":479.95667729236,"rightEyeBrowLeftY":91.306873501618,"rightEyeBrowMiddleX":494.39460886956,"rightEyeBrowMiddleY":85.958113000414,"rightEyeBrowRightX":510.37077430362,"rightEyeBrowRightY":90.301654928578,"nostrilLeftHoleBottomX":463.0799176051,"nostrilLeftHoleBottomY":139.08143705622,"nostrilRightHoleBottomX":477.12726451107,"nostrilRightHoleBottomY":136.08768741102,"nostrilLeftSideX":456.52379547766,"nostrilLeftSideY":136.30023386948,"nostrilRightSideX":484.8551406522,"nostrilRightSideY":131.80385802975,"lipCornerLeftX":458.58244248635,"lipCornerLeftY":158.90373698955,"lipLineMiddleX":474.86647453768,"lipLineMiddleY":155.55501030437,"lipCornerRightX":496.84274132004,"lipCornerRightY":154.36025076058,"pitch":1.0037248105289,"yaw":13.280971010424,"roll":-8.3902251549777,"setpose_image":"http:\/\/api.animetrics.com\/img\/setpose\/a235a07ede6f5f201e22931e0e064c2f.jpg","attributes":{"gender":{"time":0.73044,"type":"F","confidence":"100%"}}}]}]}