{"images":[{"time":5.02297,"status":"Complete","file":"http:\/\/graph.facebook.com\/502906281\/picture?width=9999","width":960,"height":960,"image_id":"a7ca6207e49afe44f99f51470dfe0c7c","image_expiration":"2015-04-13 10:39 -0400","faces":[{"topLeftX":48,"topLeftY":96,"width":432,"height":432,"leftEyeCenterX":184.8,"leftEyeCenterY":268.8,"rightEyeCenterX":343.2,"rightEyeCenterY":279.6,"noseTipX":278.85052258917,"noseTipY":350.85090932289,"noseBtwEyesX":272.8586548526,"noseBtwEyesY":262.95408583458,"chinTipX":267.82720044237,"chinTipY":522.938725577,"leftEyeCornerLeftX":142.55625,"leftEyeCornerLeftY":268.40625,"leftEyeCornerRightX":211.6875,"leftEyeCornerRightY":275.60625,"rightEyeCornerLeftX":303.43125,"rightEyeCornerLeftY":279.375,"rightEyeCornerRightX":362.83125,"rightEyeCornerRightY":283.425,"rightEarTragusX":-1,"rightEarTragusY":-1,"leftEarTragusX":71.030022138552,"leftEarTragusY":332.92058027403,"leftEyeBrowLeftX":122.46917412206,"leftEyeBrowLeftY":229.80685163394,"leftEyeBrowMiddleX":180.02635748733,"leftEyeBrowMiddleY":212.0195885732,"leftEyeBrowRightX":228.35850335514,"leftEyeBrowRightY":224.69812948209,"rightEyeBrowLeftX":312.92798737024,"rightEyeBrowLeftY":234.00224561637,"rightEyeBrowMiddleX":357.00256291776,"rightEyeBrowMiddleY":228.43595387066,"rightEyeBrowRightX":389.78639763029,"rightEyeBrowRightY":242.92787081279,"nostrilLeftHoleBottomX":247.24924569778,"nostrilLeftHoleBottomY":364.75909302522,"nostrilRightHoleBottomX":295.833718856,"nostrilRightHoleBottomY":372.29691811619,"nostrilLeftSideX":219.85845411236,"nostrilLeftSideY":345.37878755707,"nostrilRightSideX":312.1390118825,"nostrilRightSideY":355.0613946292,"lipCornerLeftX":187.4211167189,"lipCornerLeftY":428.81279844717,"lipLineMiddleX":262.2138236414,"lipLineMiddleY":427.33082836182,"lipCornerRightX":310.92446044482,"lipCornerRightY":432.29829554384,"pitch":4.1340673080596,"yaw":-17.513358888655,"roll":2.1597235890652,"setpose_image":"http:\/\/api.animetrics.com\/img\/setpose\/556ae316ab60f46a8fb08452cc59ef7d.jpg","attributes":{"gender":{"time":0.71696,"type":"F","confidence":"70%"}}},{"topLeftX":400,"topLeftY":200,"width":460,"height":460,"leftEyeCenterX":549.5,"leftEyeCenterY":389.75,"rightEyeCenterX":708.58333333333,"rightEyeCenterY":362.91666666667,"noseTipX":604.47037350472,"noseTipY":464.4915458542,"noseBtwEyesX":608.16501128784,"noseBtwEyesY":367.55928360595,"chinTipX":643.79813454033,"chinTipY":635.16035681456,"leftEyeCornerLeftX":530.03385416667,"leftEyeCornerLeftY":395.58984375,"leftEyeCornerRightX":589.27083333333,"leftEyeCornerRightY":383.04166666667,"rightEyeCornerLeftX":671.71744791667,"rightEyeCornerLeftY":371.69140625,"rightEyeCornerRightX":744.22135416667,"rightEyeCornerRightY":362.01822916667,"rightEarTragusX":854.77153708789,"rightEarTragusY":416.61205113029,"leftEarTragusX":-1,"leftEarTragusY":-1,"leftEyeBrowLeftX":502.2262431444,"leftEyeBrowLeftY":370.47354132651,"leftEyeBrowMiddleX":527.62582328103,"leftEyeBrowMiddleY":355.99236562929,"leftEyeBrowRightX":573.62976471881,"leftEyeBrowRightY":358.26081283548,"rightEyeBrowLeftX":642.14996733069,"rightEyeBrowLeftY":344.00702255261,"rightEyeBrowMiddleX":704.48240345409,"rightEyeBrowMiddleY":323.20891832556,"rightEyeBrowRightX":762.019620742,"rightEyeBrowRightY":333.64161269913,"nostrilLeftHoleBottomX":601.71621650495,"nostrilLeftHoleBottomY":492.83902552566,"nostrilRightHoleBottomX":643.15232472653,"nostrilRightHoleBottomY":483.21764949801,"nostrilLeftSideX":584.83743129316,"nostrilLeftSideY":483.0548451351,"nostrilRightSideX":668.55190486316,"nostrilRightSideY":468.7364738008,"lipCornerLeftX":594.58796923311,"lipCornerLeftY":554.87949415825,"lipLineMiddleX":631.52082521988,"lipLineMiddleY":548.56256562841,"lipCornerRightX":708.26985615594,"lipCornerRightY":537.96977036058,"pitch":3.9691001441167,"yaw":23.95598997417,"roll":-8.2162283420258,"setpose_image":"http:\/\/api.animetrics.com\/img\/setpose\/08d853daaa990a4c465e9b437a431ea0.jpg","attributes":{"gender":{"time":1.41504,"type":"F","confidence":"80%"}}}]}]}