{"images":[{"time":2.84485,"status":"Complete","file":"http:\/\/graph.facebook.com\/59700999\/picture?width=9999","width":408,"height":476,"image_id":"fda2422315f919abe19f6b010c8983e1","image_expiration":"2015-04-13 10:30 -0400","faces":[{"topLeftX":278,"topLeftY":18,"width":83,"height":83,"leftEyeCenterX":307.74166666667,"leftEyeCenterY":51.891666666667,"rightEyeCenterX":335.75416666667,"rightEyeCenterY":44.283333333333,"noseTipX":321.31020617442,"noseTipY":67.82663318994,"noseBtwEyesX":319.46107543821,"noseBtwEyesY":47.688341584057,"chinTipX":-1,"chinTipY":-1,"leftEyeCornerLeftX":301.93274739583,"leftEyeCornerLeftY":52.9994140625,"leftEyeCornerRightX":313.43170572917,"leftEyeCornerRightY":50.346223958333,"rightEyeCornerLeftX":330.06412760417,"rightEyeCornerLeftY":45.828776041667,"rightEyeCornerRightX":340.88763020833,"rightEyeCornerRightY":42.419075520833,"rightEarTragusX":359.60704056227,"rightEarTragusY":43.535476620123,"leftEarTragusX":-1,"leftEarTragusY":-1,"leftEyeBrowLeftX":294.12877795409,"leftEyeBrowLeftY":52.014096103759,"leftEyeBrowMiddleX":301.65855065717,"leftEyeBrowMiddleY":47.389953416743,"leftEyeBrowRightX":311.46646032362,"leftEyeBrowRightY":45.556181047314,"rightEyeBrowLeftX":324.45659450189,"rightEyeBrowLeftY":42.808082220095,"rightEyeBrowMiddleX":334.3900027789,"rightEyeBrowMiddleY":37.985452708056,"rightEyeBrowRightX":347.38013695717,"rightEyeBrowRightY":35.237353880838,"nostrilLeftHoleBottomX":319.69539844823,"nostrilLeftHoleBottomY":74.196201671356,"nostrilRightHoleBottomX":329.24207198373,"nostrilRightHoleBottomY":71.453222297989,"nostrilLeftSideX":315.01362591095,"nostrilLeftSideY":71.604318178792,"nostrilRightSideX":331.18598460106,"nostrilRightSideY":67.941892893785,"lipCornerLeftX":-1,"lipCornerLeftY":-1,"lipLineMiddleX":-1,"lipLineMiddleY":-1,"lipCornerRightX":-1,"lipCornerRightY":-1,"pitch":-0.95813954397319,"yaw":7.5146440176688,"roll":-14.147610692634,"setpose_image":"http:\/\/api.animetrics.com\/img\/setpose\/4bb4c654a44976bd84ef0e8e23886501.jpg","attributes":{"gender":{"time":0.58913,"type":"M","confidence":"60%"}}}]}]}