{"images":[{"time":3.61234,"status":"Complete","file":"http:\/\/graph.facebook.com\/9121420\/picture?width=9999","width":821,"height":821,"image_id":"597d7a97adaa6e6d70026999bc8d8f49","image_expiration":"2015-04-13 09:59 -0400","faces":[{"topLeftX":102,"topLeftY":219,"width":414,"height":414,"leftEyeCenterX":221.35526303031,"leftEyeCenterY":377.54324111146,"rightEyeCenterX":384.21383652359,"rightEyeCenterY":354.21308459643,"noseTipX":271.59928235353,"noseTipY":517.35771362821,"noseBtwEyesX":274.54067185705,"noseBtwEyesY":367.02955347548,"chinTipX":-1,"chinTipY":-1,"leftEyeCornerLeftX":189.00368268059,"leftEyeCornerLeftY":387.37150957524,"leftEyeCornerRightX":258.07417706861,"leftEyeCornerRightY":380.07376500629,"rightEyeCornerLeftX":351.86225617387,"rightEyeCornerLeftY":364.04135306021,"rightEyeCornerRightX":417.65901795996,"rightEyeCornerRightY":352.01881176515,"rightEarTragusX":-1,"rightEarTragusY":-1,"leftEarTragusX":-1,"leftEarTragusY":-1,"leftEyeBrowLeftX":170.75543795586,"leftEyeBrowLeftY":350.27571628671,"leftEyeBrowMiddleX":195.24259802748,"leftEyeBrowMiddleY":334.98013001263,"leftEyeBrowRightX":247.74311384039,"leftEyeBrowRightY":339.16234992915,"rightEyeBrowLeftX":321.14399530312,"rightEyeBrowLeftY":323.24638337287,"rightEyeBrowMiddleX":390.00968366519,"rightEyeBrowMiddleY":297.25101759605,"rightEyeBrowRightX":453.53798178927,"rightEyeBrowRightY":302.17484173127,"nostrilLeftHoleBottomX":259.08830327195,"nostrilLeftHoleBottomY":538.67170314276,"nostrilRightHoleBottomX":301.3026351589,"nostrilRightHoleBottomY":531.08452197397,"nostrilLeftSideX":238.72273571368,"nostrilLeftSideY":531.43749686054,"nostrilRightSideX":342.56856836698,"nostrilRightSideY":518.22054178338,"lipCornerLeftX":-1,"lipCornerLeftY":-1,"lipLineMiddleX":-1,"lipLineMiddleY":-1,"lipCornerRightX":-1,"lipCornerRightY":-1,"pitch":2.499664885383,"yaw":39.5717538135,"roll":-8.4136645180364,"setpose_image":"http:\/\/api.animetrics.com\/img\/setpose\/f7b75918a20fda9571bb49066da6cccd.jpg","attributes":{"gender":{"time":0.67066,"type":"F","confidence":"100%"}}}]}]}