{"images":[{"time":9.2849,"status":"Complete","file":"http:\/\/graph.facebook.com\/9130419\/picture?width=9999","width":1365,"height":1365,"image_id":"eaafedb731e3aa6eed6ba8a5f9a9db96","image_expiration":"2015-04-13 10:29 -0400","faces":[{"topLeftX":912,"topLeftY":336,"width":254,"height":254,"leftEyeCenterX":992.43333333333,"leftEyeCenterY":418.55,"rightEyeCenterX":1097.2083333333,"rightEyeCenterY":432.30833333333,"noseTipX":1037.9984899046,"noseTipY":501.98849827809,"noseBtwEyesX":1048.4853204333,"noseBtwEyesY":432.96616913671,"chinTipX":1016.448661393,"chinTipY":588.95768906901,"leftEyeCornerLeftX":976.27721354167,"leftEyeCornerLeftY":414.76315104167,"leftEyeCornerRightX":1016.775,"leftEyeCornerRightY":423.41171875,"rightEyeCornerLeftX":1075.7109375,"rightEyeCornerLeftY":431.15078125,"rightEyeCornerRightX":1125.0391927083,"rightEyeCornerRightY":435.962890625,"rightEarTragusX":-1,"rightEarTragusY":-1,"leftEarTragusX":921.04574098818,"leftEarTragusY":411.57484749311,"leftEyeBrowLeftX":966.74948036693,"leftEyeBrowLeftY":383.93874597292,"leftEyeBrowMiddleX":990.74488439114,"leftEyeBrowMiddleY":402.8014463704,"leftEyeBrowRightX":1024.2710214109,"leftEyeBrowRightY":415.8344993427,"rightEyeBrowLeftX":1076.4208344252,"rightEyeBrowLeftY":420.67031867159,"rightEyeBrowMiddleX":1115.3790876298,"rightEyeBrowMiddleY":418.56188620808,"rightEyeBrowRightX":1135.7337942249,"rightEyeBrowRightY":410.58354756241,"nostrilLeftHoleBottomX":1020.9070788974,"nostrilLeftHoleBottomY":498.06851769716,"nostrilRightHoleBottomX":1052.0656297071,"nostrilRightHoleBottomY":502.00862765658,"nostrilLeftSideX":1004.6912478831,"nostrilLeftSideY":487.22441470231,"nostrilRightSideX":1068.7393801029,"nostrilRightSideY":495.3235296189,"lipCornerLeftX":979.73974632569,"lipCornerLeftY":531.55439602102,"lipLineMiddleX":1023.2142769522,"lipLineMiddleY":549.36288018675,"lipCornerRightX":1062.6103201532,"lipCornerRightY":543.79238651629,"pitch":-5.5278807728109,"yaw":-3.4152242518492,"roll":9.8344686169619,"setpose_image":"http:\/\/api.animetrics.com\/img\/setpose\/e2e48897a20270a83f677373d790fef8.jpg","attributes":{"gender":{"time":0.7717,"type":"F","confidence":"90%"}}},{"topLeftX":340,"topLeftY":358,"width":283,"height":283,"leftEyeCenterX":423.72083333333,"leftEyeCenterY":478.275,"rightEyeCenterX":536.92083333333,"rightEyeCenterY":454.69166666667,"noseTipX":495.34506448184,"noseTipY":533.2516508499,"noseBtwEyesX":481.33299814326,"noseBtwEyesY":470.37124404596,"chinTipX":511.12313008726,"chinTipY":628.73993325111,"leftEyeCornerLeftX":404.63307291667,"leftEyeCornerLeftY":484.09713541667,"leftEyeCornerRightX":449.2203125,"leftEyeCornerRightY":476.65364583333,"rightEyeCornerLeftX":511.1265625,"rightEyeCornerLeftY":463.75651041667,"rightEyeCornerRightX":554.97682291667,"rightEyeCornerRightY":452.77552083333,"rightEarTragusX":587.69057245206,"rightEarTragusY":454.00451200724,"leftEarTragusX":368.96660245178,"leftEarTragusY":500.91084217758,"leftEyeBrowLeftX":381.1740269248,"leftEyeBrowLeftY":465.18917405955,"leftEyeBrowMiddleX":409.69988017712,"leftEyeBrowMiddleY":453.33233105257,"leftEyeBrowRightX":449.49391001394,"leftEyeBrowRightY":459.13204941974,"rightEyeBrowLeftX":507.13428294086,"rightEyeBrowLeftY":446.28765527154,"rightEyeBrowMiddleX":543.22585383572,"rightEyeBrowMiddleY":427.24465803876,"rightEyeBrowRightX":570.59369554284,"rightEyeBrowRightY":426.64633096263,"nostrilLeftHoleBottomX":480.02384748914,"nostrilLeftHoleBottomY":554.99989523373,"nostrilRightHoleBottomX":516.70408480627,"nostrilRightHoleBottomY":546.82618986669,"nostrilLeftSideX":463.32585529455,"nostrilLeftSideY":545.88694198707,"nostrilRightSideX":532.22474415629,"nostrilRightSideY":534.20055938184,"lipCornerLeftX":-1,"lipCornerLeftY":-1,"lipLineMiddleX":509.74635488538,"lipLineMiddleY":597.87873562062,"lipCornerRightX":-1,"lipCornerRightY":-1,"pitch":-6.7895643235687,"yaw":-4.1824672560376,"roll":-11.185219438862,"setpose_image":"http:\/\/api.animetrics.com\/img\/setpose\/48b0594d3f476cda9f84696bb7c36616.jpg","attributes":{"gender":{"time":1.55445,"type":"F","confidence":"90%"}}},{"topLeftX":1093,"topLeftY":415,"width":237,"height":237,"leftEyeCenterX":1179.9,"leftEyeCenterY":504.8625,"rightEyeCenterX":1282.6,"rightEyeCenterY":511.775,"noseTipX":1198.0874131424,"noseTipY":566.02750497426,"noseBtwEyesX":1212.9999505491,"noseBtwEyesY":497.26802841555,"chinTipX":1202.7912450766,"chinTipY":673.78737100021,"leftEyeCornerLeftX":1158.9310546875,"leftEyeCornerLeftY":505.0630859375,"leftEyeCornerRightX":1202.149609375,"leftEyeCornerRightY":509.583984375,"rightEyeCornerLeftX":1258.313671875,"rightEyeCornerLeftY":513.3642578125,"rightEyeCornerRightX":1301.7482421875,"rightEyeCornerRightY":514.67578125,"rightEarTragusX":-1,"rightEarTragusY":-1,"leftEarTragusX":-1,"leftEarTragusY":-1,"leftEyeBrowLeftX":1142.9099503865,"leftEyeBrowLeftY":475.67366321308,"leftEyeBrowMiddleX":1166.4163212803,"leftEyeBrowMiddleY":468.54112848488,"leftEyeBrowRightX":1197.2951772568,"leftEyeBrowRightY":479.96358261205,"rightEyeBrowLeftX":1246.8889885453,"rightEyeBrowLeftY":480.71262926224,"rightEyeBrowMiddleX":1290.0409233292,"rightEyeBrowMiddleY":477.84081957556,"rightEyeBrowRightX":1324.140717558,"rightEyeBrowRightY":491.07370187116,"nostrilLeftHoleBottomX":1189.1152561814,"nostrilLeftHoleBottomY":580.48173596427,"nostrilRightHoleBottomX":1222.1244746445,"nostrilRightHoleBottomY":582.08140772591,"nostrilLeftSideX":1182.9133304583,"nostrilLeftSideY":571.9094966506,"nostrilRightSideX":1240.5994791749,"nostrilRightSideY":576.35938322573,"lipCornerLeftX":1178.7833781237,"lipCornerLeftY":622.99380382285,"lipLineMiddleX":1205.1907528942,"lipLineMiddleY":624.27354123215,"lipCornerRightX":1252.5742181022,"lipCornerRightY":636.49583124014,"pitch":-0.022897878178725,"yaw":28.724103358949,"roll":6.4124511176161,"setpose_image":"http:\/\/api.animetrics.com\/img\/setpose\/7d00e82a6cd16ced23813f31cb1ca726.jpg","attributes":{"gender":{"time":2.34105,"type":"F","confidence":"100%"}}},{"topLeftX":147,"topLeftY":471,"width":266,"height":266,"leftEyeCenterX":227.90833333333,"leftEyeCenterY":577.4,"rightEyeCenterX":337.63333333333,"rightEyeCenterY":556.34166666667,"noseTipX":311.68451825494,"noseTipY":632.25627815529,"noseBtwEyesX":287.88168737822,"noseBtwEyesY":561.63199241567,"chinTipX":311.90189141391,"chinTipY":722.49298975189,"leftEyeCornerLeftX":205.62044270833,"leftEyeCornerLeftY":581.67747395833,"leftEyeCornerRightX":252.23971354167,"leftEyeCornerRightY":574.50794270833,"rightEyeCornerLeftX":313.96002604167,"rightEyeCornerLeftY":562.66263020833,"rightEyeCornerRightX":358.20677083333,"rightEyeCornerRightY":552.39322916667,"rightEarTragusX":-1,"rightEarTragusY":-1,"leftEarTragusX":168.30382246164,"leftEarTragusY":678.45993800054,"leftEyeBrowLeftX":183.14340877308,"leftEyeBrowLeftY":563.00279296734,"leftEyeBrowMiddleX":215.25736473819,"leftEyeBrowMiddleY":548.99837468995,"leftEyeBrowRightX":255.59300106486,"leftEyeBrowRightY":548.0352782452,"rightEyeBrowLeftX":314.27114887882,"rightEyeBrowLeftY":537.75531743013,"rightEyeBrowMiddleX":344.6180416173,"rightEyeBrowMiddleY":524.11596048743,"rightEyeBrowRightX":365.15092111584,"rightEyeBrowRightY":525.40147549464,"nostrilLeftHoleBottomX":290.53800298481,"nostrilLeftHoleBottomY":645.83739165414,"nostrilRightHoleBottomX":322.71020239934,"nostrilRightHoleBottomY":641.03335085937,"nostrilLeftSideX":271.40712537769,"nostrilLeftSideY":642.41975208266,"nostrilRightSideX":329.72021185644,"nostrilRightSideY":630.37272803801,"lipCornerLeftX":263.95821049726,"lipCornerLeftY":695.54813585795,"lipLineMiddleX":306.36772793635,"lipLineMiddleY":686.78666382547,"lipCornerRightX":343.11099436035,"lipCornerRightY":677.35331256747,"pitch":3.0504639952405,"yaw":-10.256787983041,"roll":-11.538934322772,"setpose_image":"http:\/\/api.animetrics.com\/img\/setpose\/4d1a540f58dda91673f090f136b3767b.jpg","attributes":{"gender":{"time":3.12281,"type":"F","confidence":"80%"}}}]}]}