{"images":[{"time":3.00657,"status":"Complete","file":"http:\/\/graph.facebook.com\/501460819\/picture?width=9999","width":960,"height":960,"image_id":"7ab7a05560636b85a423640edde011e1","image_expiration":"2015-04-13 10:36 -0400","faces":[{"topLeftX":384,"topLeftY":136,"width":384,"height":384,"leftEyeCenterX":499.2,"leftEyeCenterY":300.8,"rightEyeCenterX":636.8,"rightEyeCenterY":275.2,"noseTipX":551.90078065937,"noseTipY":390.74686750782,"noseBtwEyesX":551.2245317937,"noseBtwEyesY":280.16643376035,"chinTipX":574.94942767344,"chinTipY":498.36316720511,"leftEyeCornerLeftX":478.1,"leftEyeCornerLeftY":306.95,"leftEyeCornerRightX":527.95,"leftEyeCornerRightY":299.9,"rightEyeCornerLeftX":611.8,"rightEyeCornerLeftY":284.3,"rightEyeCornerRightX":663.95,"rightEyeCornerRightY":265.7,"rightEarTragusX":-1,"rightEarTragusY":-1,"leftEarTragusX":-1,"leftEarTragusY":-1,"leftEyeBrowLeftX":452.47698743365,"leftEyeBrowLeftY":291.8971789421,"leftEyeBrowMiddleX":472.4002390396,"leftEyeBrowMiddleY":268.74638779527,"leftEyeBrowRightX":510.58781214543,"leftEyeBrowRightY":264.36308222948,"rightEyeBrowLeftX":585.4179958217,"rightEyeBrowLeftY":249.03924790286,"rightEyeBrowMiddleX":629.25860811143,"rightEyeBrowMiddleY":229.4815459009,"rightEyeBrowRightX":684.29133119825,"rightEyeBrowRightY":228.05055094953,"nostrilLeftHoleBottomX":540.20550579627,"nostrilLeftHoleBottomY":409.65196754356,"nostrilRightHoleBottomX":584.43531458129,"nostrilRightHoleBottomY":401.5379583782,"nostrilLeftSideX":529.40259149447,"nostrilLeftSideY":402.96895332957,"nostrilRightSideX":605.38854121082,"nostrilRightSideY":382.7586493614,"lipCornerLeftX":535.45665061945,"lipCornerLeftY":438.45579788134,"lipLineMiddleX":575.31497727714,"lipLineMiddleY":431.37176373902,"lipCornerRightX":632.14424493234,"lipCornerRightY":417.98208843953,"pitch":1.2830743713472,"yaw":21.895536631437,"roll":-8.8789562677058,"setpose_image":"http:\/\/api.animetrics.com\/img\/setpose\/f23b2a1b59f681360156b74a2ba7b532.jpg","attributes":{"gender":{"time":0.68943,"type":"F","confidence":"80%"}}}]}]}