{"images":[{"time":3.9397,"status":"Complete","file":"http:\/\/graph.facebook.com\/502792897\/picture?width=9999","width":1080,"height":1080,"image_id":"46f947cfb6d0c6578f0aed8fcb67d448","image_expiration":"2015-04-13 10:39 -0400","faces":[{"topLeftX":243,"topLeftY":176,"width":378,"height":378,"leftEyeCenterX":348.525,"leftEyeCenterY":316.175,"rightEyeCenterX":502.875,"rightEyeCenterY":308.3,"noseTipX":422.91432662957,"noseTipY":392.13994414894,"noseBtwEyesX":422.39808952519,"noseBtwEyesY":313.6541818123,"chinTipX":431.75959227384,"chinTipY":561.08232222645,"leftEyeCornerLeftX":319.215234375,"leftEyeCornerLeftY":310.41640625,"leftEyeCornerRightX":382.04296875,"leftEyeCornerRightY":309.62890625,"rightEyeCornerLeftX":469.1109375,"rightEyeCornerLeftY":310.02265625,"rightEyeCornerRightX":529.280859375,"rightEyeCornerRightY":304.534765625,"rightEarTragusX":612.32905834074,"rightEarTragusY":340.81416452667,"leftEarTragusX":-1,"leftEarTragusY":-1,"leftEyeBrowLeftX":285.99160663159,"leftEyeBrowLeftY":274.65592561151,"leftEyeBrowMiddleX":342.89275758225,"leftEyeBrowMiddleY":287.22279966365,"leftEyeBrowRightX":389.99477425909,"leftEyeBrowRightY":300.16042629989,"rightEyeBrowLeftX":465.75268858921,"rightEyeBrowLeftY":292.38752663617,"rightEyeBrowMiddleX":529.16899693101,"rightEyeBrowMiddleY":282.62828413411,"rightEyeBrowRightX":576.0856373158,"rightEyeBrowRightY":290.66634363344,"nostrilLeftHoleBottomX":399.15799611322,"nostrilLeftHoleBottomY":412.66509415686,"nostrilRightHoleBottomX":448.33904377441,"nostrilRightHoleBottomY":415.71089837325,"nostrilLeftSideX":374.38209599057,"nostrilLeftSideY":406.24262491175,"nostrilRightSideX":472.46612687487,"nostrilRightSideY":404.98488263916,"lipCornerLeftX":-1,"lipCornerLeftY":-1,"lipLineMiddleX":419.17981361923,"lipLineMiddleY":487.95956775684,"lipCornerRightX":-1,"lipCornerRightY":-1,"pitch":-0.83013350439408,"yaw":0.67107879747017,"roll":0.63776396788896,"setpose_image":"http:\/\/api.animetrics.com\/img\/setpose\/773db19e8a4a578b9d9800c9101fe7b7.jpg","attributes":{"gender":{"time":0.73406,"type":"F","confidence":"60%"}}}]}]}