{"images":[{"time":3.60821,"status":"Complete","file":"http:\/\/graph.facebook.com\/503322156\/picture?width=9999","width":1317,"height":1957,"image_id":"c67537c2af6c96bd1c79c2249e04bd54","image_expiration":"2015-04-13 10:40 -0400","faces":[{"topLeftX":579,"topLeftY":313,"width":196,"height":196,"leftEyeCenterX":651.68333333333,"leftEyeCenterY":385.68333333333,"rightEyeCenterX":715.38333333333,"rightEyeCenterY":391.4,"noseTipX":682.77004244031,"noseTipY":418.6261753984,"noseBtwEyesX":682.19678041223,"noseBtwEyesY":382.69310862956,"chinTipX":673.71091711152,"chinTipY":489.78132813066,"leftEyeCornerLeftX":635.66901041667,"leftEyeCornerLeftY":385.24947916667,"leftEyeCornerRightX":665.61770833333,"leftEyeCornerRightY":386.93385416667,"rightEyeCornerLeftX":700.36432291667,"rightEyeCornerLeftY":391.05546875,"rightEyeCornerRightX":723.34583333333,"rightEyeCornerRightY":392.11458333333,"rightEarTragusX":-1,"rightEarTragusY":-1,"leftEarTragusX":606.22767205332,"leftEarTragusY":413.29381935783,"leftEyeBrowLeftX":626.77668959151,"leftEyeBrowLeftY":368.57706490632,"leftEyeBrowMiddleX":648.70623985735,"leftEyeBrowMiddleY":362.92617009223,"leftEyeBrowRightX":668.76204822901,"leftEyeBrowRightY":369.4509563498,"rightEyeBrowLeftX":699.30789830417,"rightEyeBrowLeftY":372.60446369537,"rightEyeBrowMiddleX":721.9025231103,"rightEyeBrowMiddleY":372.12749160857,"rightEyeBrowRightX":737.73387556871,"rightEyeBrowRightY":380.40901540267,"nostrilLeftHoleBottomX":671.85341225897,"nostrilLeftHoleBottomY":428.12084388648,"nostrilRightHoleBottomX":690.22358115185,"nostrilRightHoleBottomY":429.40060933621,"nostrilLeftSideX":662.21654751116,"nostrilLeftSideY":419.24534364628,"nostrilRightSideX":700.78472093498,"nostrilRightSideY":425.00876549488,"lipCornerLeftX":-1,"lipCornerLeftY":-1,"lipLineMiddleX":680.56600197146,"lipLineMiddleY":450.26368820822,"lipCornerRightX":-1,"lipCornerRightY":-1,"pitch":1.3734098507591,"yaw":-3.101797128298,"roll":3.8536365787593,"setpose_image":"http:\/\/api.animetrics.com\/img\/setpose\/a719c2e3f47eaf8e4da62547e390482b.jpg","attributes":{"gender":{"time":0.79402,"type":"F","confidence":"70%"}}}]}]}