{"images":[{"time":3.73521,"status":"Complete","file":"http:\/\/graph.facebook.com\/2003394\/picture?width=9999","width":960,"height":960,"image_id":"5df813c11b77af9d62b7b07074a54aa6","image_expiration":"2015-04-13 10:27 -0400","faces":[{"topLeftX":332,"topLeftY":72,"width":172,"height":172,"leftEyeCenterX":388.18890625,"leftEyeCenterY":141.875,"rightEyeCenterX":445.75515625,"rightEyeCenterY":134.67921875,"noseTipX":418.83403714799,"noseTipY":173.94384152211,"noseBtwEyesX":415.51964189945,"noseBtwEyesY":132.58741606092,"chinTipX":429.6565218624,"chinTipY":244.735081961,"leftEyeCornerLeftX":379.1941796875,"leftEyeCornerLeftY":142.99934082031,"leftEyeCornerRightX":400.89395751953,"leftEyeCornerRightY":141.20039550781,"rightEyeCornerLeftX":434.28687988281,"rightEyeCornerLeftY":137.93980712891,"rightEyeCornerRightX":459.35968017578,"rightEyeCornerRightY":133.89218017578,"rightEarTragusX":-1,"rightEarTragusY":-1,"leftEarTragusX":-1,"leftEarTragusY":-1,"leftEyeBrowLeftX":366.79662708649,"leftEyeBrowLeftY":130.18451421301,"leftEyeBrowMiddleX":379.40928958617,"leftEyeBrowMiddleY":124.79695626488,"leftEyeBrowRightX":399.85977866499,"leftEyeBrowRightY":128.8649498152,"rightEyeBrowLeftX":428.94906076837,"rightEyeBrowLeftY":126.14748691472,"rightEyeBrowMiddleX":447.5146325188,"rightEyeBrowMiddleY":115.26245834503,"rightEyeBrowRightX":465.50695752797,"rightEyeBrowRightY":114.893247114,"nostrilLeftHoleBottomX":411.83665182386,"nostrilLeftHoleBottomY":186.21887395234,"nostrilRightHoleBottomX":429.47555483396,"nostrilRightHoleBottomY":183.04597107381,"nostrilLeftSideX":403.65329820756,"nostrilLeftSideY":181.55394918198,"nostrilRightSideX":437.29759148926,"nostrilRightSideY":177.31288582109,"lipCornerLeftX":408.1299768625,"lipCornerLeftY":217.067376717,"lipLineMiddleX":426.35002157579,"lipLineMiddleY":210.97297487539,"lipCornerRightX":445.1591029542,"lipCornerRightY":209.55139244629,"pitch":0.33712742083541,"yaw":8.1115966007592,"roll":-7.3368034034887,"setpose_image":"http:\/\/api.animetrics.com\/img\/setpose\/8c3a4da27667074ffae1b989fa7b609d.jpg","attributes":{"gender":{"time":0.7049,"type":"F","confidence":"70%"}}}]}]}