{"images":[{"time":3.66785,"status":"Complete","file":"http:\/\/graph.facebook.com\/501761462\/picture?width=9999","width":634,"height":634,"image_id":"5ac58907bf57b0984472841c7594d763","image_expiration":"2015-04-13 10:36 -0400","faces":[{"topLeftX":98,"topLeftY":125,"width":301,"height":301,"leftEyeCenterX":198.65958803428,"leftEyeCenterY":226.38396102476,"rightEyeCenterX":298.00002177022,"rightEyeCenterY":210.34825767146,"noseTipX":259.61484538563,"noseTipY":298.97429167061,"noseBtwEyesX":247.41039859961,"noseBtwEyesY":224.71982057258,"chinTipX":276.69496667214,"chinTipY":408.14210609721,"leftEyeCornerLeftX":182.08656671571,"leftEyeCornerLeftY":232.24448609285,"leftEyeCornerRightX":219.08867150179,"leftEyeCornerRightY":224.67890305824,"rightEyeCornerLeftX":279.62424830963,"rightEyeCornerLeftY":214.90714632733,"rightEyeCornerRightX":315.32471668348,"rightEyeCornerRightY":209.14431543473,"rightEarTragusX":-1,"rightEarTragusY":-1,"leftEarTragusX":145.35557515121,"leftEarTragusY":297.46382251919,"leftEyeBrowLeftX":153.42325456757,"leftEyeBrowLeftY":209.66336827659,"leftEyeBrowMiddleX":187.93555635103,"leftEyeBrowMiddleY":211.37542511064,"leftEyeBrowRightX":221.27525456881,"leftEyeBrowRightY":206.79290150157,"rightEyeBrowLeftX":260.03008055544,"rightEyeBrowLeftY":196.31683899448,"rightEyeBrowMiddleX":301.05274408937,"rightEyeBrowMiddleY":180.53353937221,"rightEyeBrowRightX":337.13869098361,"rightEyeBrowRightY":181.95244531484,"nostrilLeftHoleBottomX":246.62464295431,"nostrilLeftHoleBottomY":307.90723013652,"nostrilRightHoleBottomX":277.11020184195,"nostrilRightHoleBottomY":305.48465342107,"nostrilLeftSideX":223.71415872914,"nostrilLeftSideY":307.29040728408,"nostrilRightSideX":291.38089849263,"nostrilRightSideY":294.68491895297,"lipCornerLeftX":230.71925905365,"lipCornerLeftY":371.1156643895,"lipLineMiddleX":-1,"lipLineMiddleY":-1,"lipCornerRightX":307.5347185904,"lipCornerRightY":355.17762559908,"pitch":-0.050536585496401,"yaw":2.9576257284153,"roll":-9.4096295411416,"setpose_image":"http:\/\/api.animetrics.com\/img\/setpose\/0a72cd47c15c85493c59b5693305ac8e.jpg","attributes":{"gender":{"time":0.64802,"type":"F","confidence":"60%"}}}]}]}