{"images":[{"time":3.85661,"status":"Complete","file":"http:\/\/graph.facebook.com\/502881614\/picture?width=9999","width":1703,"height":1761,"image_id":"49fd3acfcd436fa4a7bf0925e0032868","image_expiration":"2015-04-13 10:39 -0400","faces":[{"topLeftX":388,"topLeftY":595,"width":798,"height":798,"leftEyeCenterX":654,"leftEyeCenterY":927.5,"rightEyeCenterX":936.625,"rightEyeCenterY":887.6,"noseTipX":810.41854601147,"noseTipY":1137.2096786449,"noseBtwEyesX":786.92767140169,"noseBtwEyesY":920.37909512784,"chinTipX":-1,"chinTipY":-1,"leftEyeCornerLeftX":597.838671875,"leftEyeCornerLeftY":944.43671875,"leftEyeCornerRightX":717.07109375,"leftEyeCornerRightY":927.60390625,"rightEyeCornerLeftX":875.42421875,"rightEyeCornerLeftY":900.744140625,"rightEyeCornerRightX":972.5765625,"rightEyeCornerRightY":887.028515625,"rightEarTragusX":1133.1077257986,"rightEarTragusY":915.3715340041,"leftEarTragusX":-1,"leftEarTragusY":-1,"leftEyeBrowLeftX":532.71390095667,"leftEyeBrowLeftY":909.68854980826,"leftEyeBrowMiddleX":599.04580622876,"leftEyeBrowMiddleY":875.83135338046,"leftEyeBrowRightX":700.62413920326,"leftEyeBrowRightY":890.04114618493,"rightEyeBrowLeftX":853.90127912309,"rightEyeBrowLeftY":863.87763544605,"rightEyeBrowMiddleX":953.77290147177,"rightEyeBrowMiddleY":815.28151424193,"rightEyeBrowRightX":1045.8450118555,"rightEyeBrowRightY":826.60701792775,"nostrilLeftHoleBottomX":773.35283739293,"nostrilLeftHoleBottomY":1184.0990893037,"nostrilRightHoleBottomX":866.06665022593,"nostrilRightHoleBottomY":1172.7803297356,"nostrilLeftSideX":745.4758720698,"nostrilLeftSideY":1152.8019586938,"nostrilRightSideX":904.62741660669,"nostrilRightSideY":1134.649612827,"lipCornerLeftX":-1,"lipCornerLeftY":-1,"lipLineMiddleX":-1,"lipLineMiddleY":-1,"lipCornerRightX":-1,"lipCornerRightY":-1,"pitch":-4.0169321144469,"yaw":-0.63522115181929,"roll":-8.4937610115814,"setpose_image":"http:\/\/api.animetrics.com\/img\/setpose\/313c5cfb069651c8c38fb1fee00a7da1.jpg","attributes":{"gender":{"time":0.99519,"type":"F","confidence":"100%"}}}]}]}