{"images":[{"time":2.96042,"status":"Complete","file":"http:\/\/graph.facebook.com\/502410793\/picture?width=9999","width":648,"height":648,"image_id":"90fad962b2c39fc5d1146894cdd5d47f","image_expiration":"2015-04-13 10:38 -0400","faces":[{"topLeftX":313,"topLeftY":55,"width":148,"height":148,"leftEyeCenterX":361.71666666667,"leftEyeCenterY":119.13333333333,"rightEyeCenterX":407.96666666667,"rightEyeCenterY":106.8,"noseTipX":381.27878665528,"noseTipY":146.20750781826,"noseBtwEyesX":376.86740280179,"noseBtwEyesY":106.58404574008,"chinTipX":398.0462369354,"chinTipY":187.99144962238,"leftEyeCornerLeftX":353.2375,"leftEyeCornerLeftY":122.16848958333,"leftEyeCornerRightX":371.49661458333,"leftEyeCornerRightY":118.0734375,"rightEyeCornerLeftX":397.70494791667,"rightEyeCornerLeftY":111.85859375,"rightEyeCornerRightX":416.30130208333,"rightEyeCornerRightY":106.12552083333,"rightEarTragusX":473.90502527658,"rightEarTragusY":105.51939597492,"leftEarTragusX":-1,"leftEarTragusY":-1,"leftEyeBrowLeftX":342.5626844418,"leftEyeBrowLeftY":110.34531082749,"leftEyeBrowMiddleX":352.15526994855,"leftEyeBrowMiddleY":102.26308628821,"leftEyeBrowRightX":366.31141857995,"leftEyeBrowRightY":102.36814806635,"rightEyeBrowLeftX":389.52592248127,"rightEyeBrowLeftY":95.319998532208,"rightEyeBrowMiddleX":405.76104781403,"rightEyeBrowMiddleY":88.585128975615,"rightEyeBrowRightX":425.09649280921,"rightEyeBrowRightY":90.432328724004,"nostrilLeftHoleBottomX":379.53664869649,"nostrilLeftHoleBottomY":151.38680419276,"nostrilRightHoleBottomX":393.97169182446,"nostrilRightHoleBottomY":146.70735258396,"nostrilLeftSideX":374.69419107527,"nostrilLeftSideY":147.98403126227,"nostrilRightSideX":402.10103386899,"nostrilRightSideY":139.01991103223,"lipCornerLeftX":378.50257371252,"lipCornerLeftY":165.00872262034,"lipLineMiddleX":394.79564329127,"lipLineMiddleY":161.39773149044,"lipCornerRightX":416.07061773953,"lipCornerRightY":158.79725659757,"pitch":2.0544309142045,"yaw":27.139275928654,"roll":-14.377085492665,"setpose_image":"http:\/\/api.animetrics.com\/img\/setpose\/649889ed78d9152648db3e63f2b3b73a.jpg","attributes":{"gender":{"time":0.58517,"type":"F","confidence":"80%"}}}]}]}