{"images":[{"time":2.96733,"status":"Complete","file":"http:\/\/graph.facebook.com\/58017001\/picture?width=9999","width":656,"height":703,"image_id":"f1889c55e56ffac850835411e866cf03","image_expiration":"2015-04-13 10:29 -0400","faces":[{"topLeftX":123,"topLeftY":145,"width":265,"height":265,"leftEyeCenterX":211.33333333333,"leftEyeCenterY":262.04166666667,"rightEyeCenterX":300.77083333333,"rightEyeCenterY":237.75,"noseTipX":264.49826809745,"noseTipY":320.26283266908,"noseBtwEyesX":248.3929154246,"noseBtwEyesY":247.87991323181,"chinTipX":-1,"chinTipY":-1,"leftEyeCornerLeftX":194.943359375,"leftEyeCornerLeftY":267.99381510417,"leftEyeCornerRightX":230.25944010417,"leftEyeCornerRightY":259.90234375,"rightEyeCornerLeftX":282.9833984375,"rightEyeCornerLeftY":244.08170572917,"rightEyeCornerRightX":321.35319010417,"rightEyeCornerRightY":230.6591796875,"rightEarTragusX":379.35582939763,"rightEarTragusY":248.99596910792,"leftEarTragusX":-1,"leftEarTragusY":-1,"leftEyeBrowLeftX":173.16614916305,"leftEyeBrowLeftY":260.03384886734,"leftEyeBrowMiddleX":186.58598292532,"leftEyeBrowMiddleY":246.17685446754,"leftEyeBrowRightX":220.75384773399,"leftEyeBrowRightY":241.97982237303,"rightEyeBrowLeftX":264.39012925051,"rightEyeBrowLeftY":226.76964266427,"rightEyeBrowMiddleX":301.78493206132,"rightEyeBrowMiddleY":207.05426077069,"rightEyeBrowRightX":333.37541680635,"rightEyeBrowRightY":210.11050484393,"nostrilLeftHoleBottomX":256.40388838038,"nostrilLeftHoleBottomY":335.68540966555,"nostrilRightHoleBottomX":287.26989407312,"nostrilRightHoleBottomY":326.06715072526,"nostrilLeftSideX":238.1374645935,"nostrilLeftSideY":323.6396129052,"nostrilRightSideX":295.46004659431,"nostrilRightSideY":305.77713201609,"lipCornerLeftX":-1,"lipCornerLeftY":-1,"lipLineMiddleX":-1,"lipLineMiddleY":-1,"lipCornerRightX":-1,"lipCornerRightY":-1,"pitch":-3.0485203548724,"yaw":3.625304597245,"roll":-14.998035779447,"setpose_image":"http:\/\/api.animetrics.com\/img\/setpose\/33a97ec4511c53e40de0666bcccc21e9.jpg","attributes":{"gender":{"time":0.60022,"type":"M","confidence":"70%"}}}]}]}