{"images":[{"time":3.62618,"status":"Complete","file":"http:\/\/graph.facebook.com\/501320717\/picture?width=9999","width":1366,"height":1366,"image_id":"b86b7a7ad135068a127613b753c9360d","image_expiration":"2015-04-13 10:35 -0400","faces":[{"topLeftX":340,"topLeftY":1055,"width":215,"height":215,"leftEyeCenterX":411.65066666667,"leftEyeCenterY":1142.0115555556,"rightEyeCenterX":486.81466666667,"rightEyeCenterY":1135.0885555556,"noseTipX":431.73913257406,"noseTipY":1184.4762985282,"noseBtwEyesX":437.51358256836,"noseBtwEyesY":1138.1925452412,"chinTipX":-1,"chinTipY":-1,"leftEyeCornerLeftX":397.55741666667,"leftEyeCornerLeftY":1143.3096180556,"leftEyeCornerRightX":427.02652604167,"leftEyeCornerRightY":1141.7797586806,"rightEyeCornerLeftX":471.65515104167,"rightEyeCornerLeftY":1137.6692274306,"rightEyeCornerRightX":498.55904166667,"rightEyeCornerRightY":1134.0068368056,"rightEarTragusX":-1,"rightEarTragusY":-1,"leftEarTragusX":-1,"leftEarTragusY":-1,"leftEyeBrowLeftX":390.5835186582,"leftEyeBrowLeftY":1126.4812012941,"leftEyeBrowMiddleX":405.50239481677,"leftEyeBrowMiddleY":1120.0512789565,"leftEyeBrowRightX":429.89628140732,"leftEyeBrowRightY":1123.4029312378,"rightEyeBrowLeftX":453.51459548039,"rightEyeBrowLeftY":1119.6303107021,"rightEyeBrowMiddleX":485.44456120923,"rightEyeBrowMiddleY":1114.95285556,"rightEyeBrowRightX":512.08394332947,"rightEyeBrowRightY":1116.8586048652,"nostrilLeftHoleBottomX":426.57781105171,"nostrilLeftHoleBottomY":1192.2468817783,"nostrilRightHoleBottomX":461.52884482771,"nostrilRightHoleBottomY":1193.247796477,"nostrilLeftSideX":417.61984896472,"nostrilLeftSideY":1187.2148223707,"nostrilRightSideX":473.9437012841,"nostrilRightSideY":1185.8890195099,"lipCornerLeftX":-1,"lipCornerLeftY":-1,"lipLineMiddleX":-1,"lipLineMiddleY":-1,"lipCornerRightX":-1,"lipCornerRightY":-1,"pitch":2.3753534490989,"yaw":25.935428413953,"roll":-4.7107480260986,"setpose_image":"http:\/\/api.animetrics.com\/img\/setpose\/b2d6f2a613cac1c5d7be550e3a52abd3.jpg","attributes":{"gender":{"time":0.74009,"type":"M","confidence":"80%"}}}]}]}