{"images":[{"time":4.95044,"status":"Complete","file":"http:\/\/graph.facebook.com\/501894635\/picture?width=9999","width":540,"height":540,"image_id":"0c000b72bbfb5c351bb235cd64e3814a","image_expiration":"2015-04-13 10:37 -0400","faces":[{"topLeftX":234,"topLeftY":126,"width":196,"height":196,"leftEyeCenterX":293.61666666667,"leftEyeCenterY":201.95,"rightEyeCenterX":382.63333333333,"rightEyeCenterY":191.33333333333,"noseTipX":326.11546817322,"noseTipY":256.94899363587,"noseBtwEyesX":326.50528590086,"noseBtwEyesY":199.37114681675,"chinTipX":345.59570695515,"chinTipY":329.30611251546,"leftEyeCornerLeftX":278.31692708333,"leftEyeCornerLeftY":203.77473958333,"leftEyeCornerRightX":313.25494791667,"leftEyeCornerRightY":201.01848958333,"rightEyeCornerLeftX":363.32682291667,"rightEyeCornerLeftY":195.04661458333,"rightEyeCornerRightX":403.33072916667,"rightEyeCornerRightY":187.45416666667,"rightEarTragusX":-1,"rightEarTragusY":-1,"leftEarTragusX":-1,"leftEarTragusY":-1,"leftEyeBrowLeftX":257.12444121128,"leftEyeBrowLeftY":188.91636950003,"leftEyeBrowMiddleX":271.94480704651,"leftEyeBrowMiddleY":179.36448609792,"leftEyeBrowRightX":305.19150713833,"leftEyeBrowRightY":184.80399059234,"rightEyeBrowLeftX":345.40361443203,"rightEyeBrowLeftY":177.42102534164,"rightEyeBrowMiddleX":384.55514277828,"rightEyeBrowMiddleY":162.81945088546,"rightEyeBrowRightX":424.80833834546,"rightEyeBrowRightY":165.75465435849,"nostrilLeftHoleBottomX":319.95743585583,"nostrilLeftHoleBottomY":265.22818202164,"nostrilRightHoleBottomX":350.9119505367,"nostrilRightHoleBottomY":265.10491498773,"nostrilLeftSideX":310.87087075901,"nostrilLeftSideY":263.61343335579,"nostrilRightSideX":362.84487186599,"nostrilRightSideY":255.97726325773,"lipCornerLeftX":329.12617749959,"lipCornerLeftY":287.47926813496,"lipLineMiddleX":345.00712228227,"lipLineMiddleY":285.14599393833,"lipCornerRightX":381.52441018554,"lipCornerRightY":282.7305417191,"pitch":-5.6062024909858,"yaw":24.064821748313,"roll":-6.3418765279913,"setpose_image":"http:\/\/api.animetrics.com\/img\/setpose\/dd76115f3727d98b1a74b0ad71b49f19.jpg","attributes":{"gender":{"time":0.57569,"type":"F","confidence":"70%"}}},{"topLeftX":6,"topLeftY":155,"width":265,"height":265,"leftEyeCenterX":68.9375,"leftEyeCenterY":248.85416666667,"rightEyeCenterX":199.22916666667,"rightEyeCenterY":264.3125,"noseTipX":108.9949727977,"noseTipY":333.68305722704,"noseBtwEyesX":130.67362165388,"noseBtwEyesY":253.07356526301,"chinTipX":-1,"chinTipY":-1,"leftEyeCornerLeftX":44.266276041667,"leftEyeCornerLeftY":247.99153645833,"leftEyeCornerRightX":96.955729166667,"leftEyeCornerRightY":256.30729166667,"rightEyeCornerLeftX":166.17317708333,"rightEyeCornerLeftY":264.51953125,"rightEyeCornerRightX":221.13997395833,"rightEyeCornerRightY":271.041015625,"rightEarTragusX":251.82226642456,"rightEarTragusY":283.54114027372,"leftEarTragusX":17.373643426454,"leftEarTragusY":262.96999628927,"leftEyeBrowLeftX":27.744154894787,"leftEyeBrowLeftY":226.76604684966,"leftEyeBrowMiddleX":59.906567926499,"leftEyeBrowMiddleY":217.97975443271,"leftEyeBrowRightX":102.02730582038,"leftEyeBrowRightY":231.1038836119,"rightEyeBrowLeftX":163.53925412524,"rightEyeBrowLeftY":238.13607803245,"rightEyeBrowMiddleX":213.45203220876,"rightEyeBrowMiddleY":237.61063875527,"rightEyeBrowRightX":243.03597396179,"rightEyeBrowRightY":251.37872732156,"nostrilLeftHoleBottomX":90.013315304383,"nostrilLeftHoleBottomY":354.3621863648,"nostrilRightHoleBottomX":133.07167911778,"nostrilRightHoleBottomY":359.28472245919,"nostrilLeftSideX":80.933356319642,"nostrilLeftSideY":342.93816260536,"nostrilRightSideX":150.64689773181,"nostrilRightSideY":350.90798294865,"lipCornerLeftX":-1,"lipCornerLeftY":-1,"lipLineMiddleX":-1,"lipLineMiddleY":-1,"lipCornerRightX":-1,"lipCornerRightY":-1,"pitch":-3.4418690685396,"yaw":0.35872963110934,"roll":7.2113596343759,"setpose_image":"http:\/\/api.animetrics.com\/img\/setpose\/5d99a12743d3fa1b69709f38d7dca9b0.jpg","attributes":{"gender":{"time":1.16598,"type":"M","confidence":"60%"}}}]}]}