{"images":[{"time":3.4917,"status":"Complete","file":"http:\/\/graph.facebook.com\/501059200\/picture?width=9999","width":200,"height":300,"image_id":"2bf89df97b6a997720e2087395eca2ba","image_expiration":"2015-04-13 10:35 -0400","faces":[{"topLeftX":58,"topLeftY":7,"width":125,"height":125,"leftEyeCenterX":104.875,"leftEyeCenterY":33.041666666667,"rightEyeCenterX":162.16666666667,"rightEyeCenterY":46.583333333333,"noseTipX":144.93537994785,"noseTipY":85.444406607811,"noseBtwEyesX":146.07267731273,"noseBtwEyesY":35.534837477501,"chinTipX":109.69925692916,"chinTipY":146.96669822789,"leftEyeCornerLeftX":92.130859375,"leftEyeCornerLeftY":30.974609375,"leftEyeCornerRightX":117.66796875,"leftEyeCornerRightY":38.901041666667,"rightEyeCornerLeftX":151.00130208333,"rightEyeCornerLeftY":45.834635416667,"rightEyeCornerRightX":171.330078125,"rightEyeCornerRightY":47.804036458333,"rightEarTragusX":-1,"rightEarTragusY":-1,"leftEarTragusX":30.656509576258,"leftEarTragusY":29.229148711247,"leftEyeBrowLeftX":86.453590639155,"leftEyeBrowLeftY":15.134461930126,"leftEyeBrowMiddleX":111.68215918673,"leftEyeBrowMiddleY":14.310797193484,"leftEyeBrowRightX":132.3008743737,"leftEyeBrowRightY":22.221653975156,"rightEyeBrowLeftX":162.74924699175,"rightEyeBrowLeftY":29.17311043301,"rightEyeBrowMiddleX":181.86099389853,"rightEyeBrowMiddleY":30.038936627517,"rightEyeBrowRightX":187.44584327258,"rightEyeBrowRightY":35.95763992725,"nostrilLeftHoleBottomX":127.87816927663,"nostrilLeftHoleBottomY":88.838984158327,"nostrilRightHoleBottomX":146.25982557626,"nostrilRightHoleBottomY":93.417646142358,"nostrilLeftSideX":118.19984312009,"nostrilLeftSideY":79.223040757288,"nostrilRightSideX":151.99600622484,"nostrilRightSideY":88.761005717234,"lipCornerLeftX":95.270716214374,"lipCornerLeftY":102.67316984652,"lipLineMiddleX":128.68623832692,"lipLineMiddleY":109.24398531249,"lipCornerRightX":141.8636862447,"lipCornerRightY":110.87109349077,"pitch":-0.85039554123884,"yaw":-34.042123609591,"roll":14.098913665489,"setpose_image":"http:\/\/api.animetrics.com\/img\/setpose\/16edeae9c924b035873f0138f6723f2f.jpg","attributes":{"gender":{"time":0.59495,"type":"F","confidence":"80%"}}}]}]}