{"images":[{"time":3.45969,"status":"Complete","file":"http:\/\/graph.facebook.com\/500766520\/picture?width=9999","width":485,"height":485,"image_id":"52eb5e6813e7b43ee0ed19c0e3067efd","image_expiration":"2015-04-13 10:34 -0400","faces":[{"topLeftX":156,"topLeftY":210,"width":96,"height":96,"leftEyeCenterX":222.82026666667,"leftEyeCenterY":195.25013333333,"rightEyeCenterX":268.74666666667,"rightEyeCenterY":185.53493333333,"noseTipX":242.74534837204,"noseTipY":217.85873940361,"noseBtwEyesX":239.65373895777,"noseBtwEyesY":185.53556463063,"chinTipX":264.2754752201,"chinTipY":262.83392235894,"leftEyeCornerLeftX":214.36086666667,"leftEyeCornerLeftY":197.78933333333,"leftEyeCornerRightX":233.62566666667,"leftEyeCornerRightY":196.71293333333,"rightEyeCornerLeftX":256.32666666667,"rightEyeCornerLeftY":194.15993333333,"rightEyeCornerRightX":275.81226666667,"rightEyeCornerRightY":187.03913333333,"rightEarTragusX":-1,"rightEarTragusY":-1,"leftEarTragusX":-1,"leftEarTragusY":-1,"leftEyeBrowLeftX":209.26981620406,"leftEyeBrowLeftY":191.19056231372,"leftEyeBrowMiddleX":215.90788842391,"leftEyeBrowMiddleY":179.71998345483,"leftEyeBrowRightX":229.464854238,"leftEyeBrowRightY":177.9278664034,"rightEyeBrowLeftX":249.82482545131,"rightEyeBrowLeftY":173.40742790162,"rightEyeBrowMiddleX":266.07669111027,"rightEyeBrowMiddleY":170.38266169904,"rightEyeBrowRightX":283.33160437742,"rightEyeBrowRightY":176.67524418603,"nostrilLeftHoleBottomX":239.82084698433,"nostrilLeftHoleBottomY":225.71383739818,"nostrilRightHoleBottomX":253.24630122434,"nostrilRightHoleBottomY":223.2151174917,"nostrilLeftSideX":235.49876326621,"nostrilLeftSideY":222.13177813805,"nostrilRightSideX":259.65477190136,"nostrilRightSideY":218.36698747624,"lipCornerLeftX":244.52184204559,"lipCornerLeftY":243.11588562617,"lipLineMiddleX":254.9403283082,"lipLineMiddleY":244.10113500998,"lipCornerRightX":274.59369666678,"lipCornerRightY":239.71220808223,"pitch":0.15721388562538,"yaw":20.767060916939,"roll":-12.123562312336,"setpose_image":"http:\/\/api.animetrics.com\/img\/setpose\/affb42198925003322b9867e7651638e.jpg","attributes":{"gender":{"time":0.59284,"type":"M","confidence":"80%"}}}]}]}