{"images":[{"time":2.76829,"status":"Complete","file":"http:\/\/graph.facebook.com\/128500066\/picture?width=9999","width":300,"height":400,"image_id":"f183e1a7c287fb3cd2fb69e2043b807e","image_expiration":"2015-04-13 10:30 -0400","faces":[{"topLeftX":37,"topLeftY":107,"width":165,"height":165,"leftEyeCenterX":91.3125,"leftEyeCenterY":181.9375,"rightEyeCenterX":151.8125,"rightEyeCenterY":170.25,"noseTipX":103.85218723623,"noseTipY":201.26472812699,"noseBtwEyesX":111.72494749975,"noseBtwEyesY":165.99610173511,"chinTipX":115.32516320541,"chinTipY":282.04045596596,"leftEyeCornerLeftX":85.640625,"leftEyeCornerLeftY":183.033203125,"leftEyeCornerRightX":106.4375,"leftEyeCornerRightY":179.015625,"rightEyeCornerLeftX":138.1806640625,"rightEyeCornerLeftY":175.8251953125,"rightEyeCornerRightX":164.466796875,"rightEyeCornerRightY":169.7666015625,"rightEarTragusX":210.93401052623,"rightEarTragusY":200.19170652434,"leftEarTragusX":-1,"leftEarTragusY":-1,"leftEyeBrowLeftX":75.010952510098,"leftEyeBrowLeftY":165.90698756196,"leftEyeBrowMiddleX":86.654211660954,"leftEyeBrowMiddleY":157.25947010914,"leftEyeBrowRightX":100.82466490534,"leftEyeBrowRightY":157.57448356706,"rightEyeBrowLeftX":127.2842945294,"rightEyeBrowLeftY":152.89158365932,"rightEyeBrowMiddleX":147.94655940993,"rightEyeBrowMiddleY":147.35275755097,"rightEyeBrowRightX":172.96082042704,"rightEyeBrowRightY":150.45350373904,"nostrilLeftHoleBottomX":101.65589691496,"nostrilLeftHoleBottomY":210.12225455175,"nostrilRightHoleBottomX":120.81631836686,"nostrilRightHoleBottomY":206.73118910131,"nostrilLeftSideX":95.374094249842,"nostrilLeftSideY":206.52912528578,"nostrilRightSideX":127.46960931021,"nostrilRightSideY":201.78975055685,"lipCornerLeftX":104.30398580975,"lipCornerLeftY":246.35181163019,"lipLineMiddleX":116.3266783967,"lipLineMiddleY":245.16498165886,"lipCornerRightX":142.35834492084,"lipCornerRightY":243.38076412365,"pitch":14.561011134235,"yaw":26.301425775543,"roll":-7.8709259269647,"setpose_image":"http:\/\/api.animetrics.com\/img\/setpose\/6695dfac3eb2226f7fdbc7950e0e42f0.jpg","attributes":{"gender":{"time":0.52896,"type":"F","confidence":"60%"}}}]}]}