{"images":[{"time":3.11812,"status":"Complete","file":"http:\/\/graph.facebook.com\/627575\/picture?width=9999","width":1143,"height":1143,"image_id":"9fad5a8721e71c71c273d908ad490797","image_expiration":"2015-04-13 10:27 -0400","faces":[{"topLeftX":241,"topLeftY":328,"width":643,"height":643,"leftEyeCenterX":436.57916666667,"leftEyeCenterY":566.44583333333,"rightEyeCenterX":693.77916666667,"rightEyeCenterY":587.87916666667,"noseTipX":552.96466712077,"noseTipY":768.5756395757,"noseBtwEyesX":571.32310155117,"noseBtwEyesY":560.73498436752,"chinTipX":-1,"chinTipY":-1,"leftEyeCornerLeftX":392.03802083333,"leftEyeCornerLeftY":566.78072916667,"leftEyeCornerRightX":492.171875,"leftEyeCornerRightY":579.171875,"rightEyeCornerLeftX":636.846875,"rightEyeCornerLeftY":591.228125,"rightEyeCornerRightX":733.63177083333,"rightEyeCornerRightY":595.246875,"rightEarTragusX":-1,"rightEarTragusY":-1,"leftEarTragusX":-1,"leftEarTragusY":-1,"leftEyeBrowLeftX":357.13443923772,"leftEyeBrowLeftY":517.81091923664,"leftEyeBrowMiddleX":418.5485160421,"leftEyeBrowMiddleY":501.94090317034,"leftEyeBrowRightX":509.21974662311,"leftEyeBrowRightY":528.30198083993,"rightEyeBrowLeftX":649.29831921491,"rightEyeBrowLeftY":537.96480073769,"rightEyeBrowMiddleX":730.17145954067,"rightEyeBrowMiddleY":531.4796773515,"rightEyeBrowRightX":780.26807967515,"rightEyeBrowRightY":563.08443917357,"nostrilLeftHoleBottomX":502.4530028408,"nostrilLeftHoleBottomY":801.28287702265,"nostrilRightHoleBottomX":593.95247512369,"nostrilRightHoleBottomY":815.63721993589,"nostrilLeftSideX":476.0937717262,"nostrilLeftSideY":775.3368435304,"nostrilRightSideX":635.90748840668,"nostrilRightSideY":790.38231118948,"lipCornerLeftX":-1,"lipCornerLeftY":-1,"lipLineMiddleX":-1,"lipLineMiddleY":-1,"lipCornerRightX":-1,"lipCornerRightY":-1,"pitch":-1.0936628315703,"yaw":-2.5251813123704,"roll":5.2028726907775,"setpose_image":"http:\/\/api.animetrics.com\/img\/setpose\/f81f5d57fc785198573c58a9f9bff05f.jpg","attributes":{"gender":{"time":0.80726,"type":"M","confidence":"90%"}}}]}]}