{"images":[{"time":3.17214,"status":"Complete","file":"http:\/\/graph.facebook.com\/503410045\/picture?width=9999","width":604,"height":401,"image_id":"d4cdd1424783a6721aa555c76a2f9894","image_expiration":"2015-04-13 10:40 -0400","faces":[{"topLeftX":223,"topLeftY":102,"width":113,"height":113,"leftEyeCenterX":254.075,"leftEyeCenterY":148.14166666667,"rightEyeCenterX":306.80833333333,"rightEyeCenterY":133.54583333333,"noseTipX":288.62529343251,"noseTipY":176.5951978013,"noseBtwEyesX":281.95336913646,"noseBtwEyesY":144.51189755455,"chinTipX":-1,"chinTipY":-1,"leftEyeCornerLeftX":246.88743489583,"leftEyeCornerLeftY":151.0181640625,"leftEyeCornerRightX":265.8384765625,"leftEyeCornerRightY":145.77278645833,"rightEyeCornerLeftX":295.72903645833,"rightEyeCornerLeftY":138.38658854167,"rightEyeCornerRightX":313.62805989583,"rightEyeCornerRightY":132.5453125,"rightEarTragusX":-1,"rightEarTragusY":-1,"leftEarTragusX":-1,"leftEarTragusY":-1,"leftEyeBrowLeftX":235.83588061799,"leftEyeBrowLeftY":146.71753197167,"leftEyeBrowMiddleX":252.32415887735,"leftEyeBrowMiddleY":141.97815105263,"leftEyeBrowRightX":269.15570510646,"leftEyeBrowRightY":141.39023566797,"rightEyeBrowLeftX":292.71038833411,"rightEyeBrowLeftY":134.6196914979,"rightEyeBrowMiddleX":307.61887288517,"rightEyeBrowMiddleY":124.38421755865,"rightEyeBrowRightX":324.45041911428,"rightEyeBrowRightY":123.79630217399,"nostrilLeftHoleBottomX":281.34268514186,"nostrilLeftHoleBottomY":183.78866753811,"nostrilRightHoleBottomX":299.06748913975,"nostrilRightHoleBottomY":180.39391410489,"nostrilLeftSideX":274.94385312687,"nostrilLeftSideY":182.22783659482,"nostrilRightSideX":303.99462910763,"nostrilRightSideY":173.87749878507,"lipCornerLeftX":-1,"lipCornerLeftY":-1,"lipLineMiddleX":-1,"lipLineMiddleY":-1,"lipCornerRightX":-1,"lipCornerRightY":-1,"pitch":-1.4150936649241,"yaw":1.0630074857104,"roll":-14.188620830246,"setpose_image":"http:\/\/api.animetrics.com\/img\/setpose\/8ebfaf31c88f24667ac4fe74462a8484.jpg","attributes":{"gender":{"time":0.57372,"type":"F","confidence":"70%"}}}]}]}