{"images":[{"time":3.21898,"status":"Complete","file":"http:\/\/graph.facebook.com\/502659713\/picture?width=9999","width":716,"height":716,"image_id":"c8087070bfdb5e3bfb0fa0134a510b3f","image_expiration":"2015-04-13 10:38 -0400","faces":[{"topLeftX":272,"topLeftY":357,"width":65,"height":65,"leftEyeCenterX":292.71861111111,"leftEyeCenterY":379.78083333333,"rightEyeCenterX":319.79111111111,"rightEyeCenterY":380.33333333333,"noseTipX":304.76188669321,"noseTipY":389.88134341918,"noseBtwEyesX":305.01631779614,"noseBtwEyesY":376.22905710768,"chinTipX":305.56413906621,"chinTipY":413.52704565012,"leftEyeCornerLeftX":285.94185329861,"leftEyeCornerLeftY":380.06571614583,"leftEyeCornerRightX":298.20907986111,"leftEyeCornerRightY":380.31606770833,"rightEyeCornerLeftX":313.44599392361,"rightEyeCornerLeftY":380.20384114583,"rightEyeCornerRightX":325.29021267361,"rightEyeCornerRightY":380.44555989583,"rightEarTragusX":-1,"rightEarTragusY":-1,"leftEarTragusX":-1,"leftEarTragusY":-1,"leftEyeBrowLeftX":280.86899681602,"leftEyeBrowLeftY":373.85401559621,"leftEyeBrowMiddleX":287.190180849,"leftEyeBrowMiddleY":370.57651050379,"leftEyeBrowRightX":296.7621469856,"leftEyeBrowRightY":371.8007753691,"rightEyeBrowLeftX":313.13019291557,"rightEyeBrowLeftY":371.10541495124,"rightEyeBrowMiddleX":322.662074569,"rightEyeBrowMiddleY":369.60055870369,"rightEyeBrowRightX":331.38446039275,"rightEyeBrowRightY":374.93186673269,"nostrilLeftHoleBottomX":299.82530545826,"nostrilLeftHoleBottomY":394.50336682644,"nostrilRightHoleBottomX":309.81872137769,"nostrilRightHoleBottomY":393.44668335051,"nostrilLeftSideX":296.1530735718,"nostrilLeftSideY":392.28254520996,"nostrilRightSideX":313.90572229979,"nostrilRightSideY":392.93170310694,"lipCornerLeftX":292.25313357119,"lipCornerLeftY":405.53342398022,"lipLineMiddleX":304.07264431306,"lipLineMiddleY":404.90487103431,"lipCornerRightX":315.91219729652,"lipCornerRightY":405.64087864484,"pitch":16.225820806072,"yaw":1.3526001690366,"roll":0.77926138406931,"setpose_image":"http:\/\/api.animetrics.com\/img\/setpose\/e29a92fd3a65f1db801e89f7d1ee8d9f.jpg","attributes":{"gender":{"time":0.62634,"type":"F","confidence":"80%"}}}]}]}