{"images":[{"time":3.52873,"status":"Complete","file":"http:\/\/graph.facebook.com\/500522137\/picture?width=9999","width":720,"height":720,"image_id":"b917861663b8041cc0b629c820a536b1","image_expiration":"2015-04-13 10:31 -0400","faces":[{"topLeftX":375,"topLeftY":360,"width":60,"height":60,"leftEyeCenterX":374.09894409216,"leftEyeCenterY":367.08982323315,"rightEyeCenterX":411.73872920426,"rightEyeCenterY":376.83393821167,"noseTipX":386.27716304364,"noseTipY":389.47704204108,"noseBtwEyesX":393.31073882978,"noseBtwEyesY":369.64110119424,"chinTipX":-1,"chinTipY":-1,"leftEyeCornerLeftX":366.73698079056,"leftEyeCornerLeftY":366.43904495943,"leftEyeCornerRightX":381.28777005344,"leftEyeCornerRightY":370.83346151529,"rightEyeCornerLeftX":402.30789738246,"rightEyeCornerLeftY":376.90264783309,"rightEyeCornerRightX":417.75131188079,"rightEyeCornerRightY":380.27307290074,"rightEarTragusX":-1,"rightEarTragusY":-1,"leftEarTragusX":-1,"leftEarTragusY":-1,"leftEyeBrowLeftX":360.95723170588,"leftEyeBrowLeftY":356.82723918348,"leftEyeBrowMiddleX":373.24542606193,"leftEyeBrowMiddleY":353.63254425845,"leftEyeBrowRightX":385.58904724042,"leftEyeBrowRightY":362.55209858426,"rightEyeBrowLeftX":404.53934178809,"rightEyeBrowLeftY":368.08325982659,"rightEyeBrowMiddleX":417.53923731795,"rightEyeBrowMiddleY":369.53024754131,"rightEyeBrowRightX":426.45495932052,"rightEyeBrowRightY":376.9276342785,"nostrilLeftHoleBottomX":378.76509034043,"nostrilLeftHoleBottomY":393.90527347494,"nostrilRightHoleBottomX":390.55120240883,"nostrilRightHoleBottomY":397.58612995401,"nostrilLeftSideX":376.85935875341,"nostrilLeftSideY":388.95520670799,"nostrilRightSideX":398.48634520667,"nostrilRightSideY":396.45135868231,"lipCornerLeftX":-1,"lipCornerLeftY":-1,"lipLineMiddleX":-1,"lipLineMiddleY":-1,"lipCornerRightX":-1,"lipCornerRightY":-1,"pitch":4.929249800962,"yaw":0.0436751823503,"roll":16.613539799455,"setpose_image":"http:\/\/api.animetrics.com\/img\/setpose\/503a3a3827a700bba42f5152b8525ed6.jpg","attributes":{"gender":{"time":2.44306,"type":"M","confidence":"70%"}}}]}]}