{"images":[{"time":3.01502,"status":"Complete","file":"http:\/\/graph.facebook.com\/501192162\/picture?width=9999","width":752,"height":752,"image_id":"dbdc5a114a3075bdfe405e90c9e96c1d","image_expiration":"2015-04-13 10:35 -0400","faces":[{"topLeftX":275,"topLeftY":58,"width":115,"height":115,"leftEyeCenterX":312.375,"leftEyeCenterY":101.60416666667,"rightEyeCenterX":349.75,"rightEyeCenterY":102.08333333333,"noseTipX":328.60721827438,"noseTipY":122.15383171427,"noseBtwEyesX":330.54225731775,"noseBtwEyesY":97.636088571777,"chinTipX":331.01357540168,"chinTipY":161.78721140841,"leftEyeCornerLeftX":307.14908854167,"leftEyeCornerLeftY":99.200846354167,"leftEyeCornerRightX":319.9892578125,"leftEyeCornerRightY":99.949544270833,"rightEyeCornerLeftX":342.158203125,"rightEyeCornerLeftY":101.98600260417,"rightEyeCornerRightX":357.94075520833,"rightEyeCornerRightY":101.02018229167,"rightEarTragusX":-1,"rightEarTragusY":-1,"leftEarTragusX":-1,"leftEarTragusY":-1,"leftEyeBrowLeftX":298.98192554183,"leftEyeBrowLeftY":90.694287658163,"leftEyeBrowMiddleX":307.47401598412,"leftEyeBrowMiddleY":87.352821973798,"leftEyeBrowRightX":321.21208211872,"leftEyeBrowRightY":88.964169586896,"rightEyeBrowLeftX":340.97482346716,"rightEyeBrowLeftY":89.557603877409,"rightEyeBrowMiddleX":354.83876960187,"rightEyeBrowMiddleY":86.976854856373,"rightEyeBrowRightX":366.07345479371,"rightEyeBrowRightY":92.109496726717,"nostrilLeftHoleBottomX":323.01956829607,"nostrilLeftHoleBottomY":128.57956642374,"nostrilRightHoleBottomX":334.43408205949,"nostrilRightHoleBottomY":127.72349881675,"nostrilLeftSideX":318.31851498224,"nostrilLeftSideY":125.44134882677,"nostrilRightSideX":340.51270584481,"nostrilRightSideY":124.90897265097,"lipCornerLeftX":315.94645070333,"lipCornerLeftY":144.55127058238,"lipLineMiddleX":329.15757731661,"lipLineMiddleY":143.74915154725,"lipCornerRightX":344.71023915822,"lipCornerRightY":144.81557678448,"pitch":-0.34341362649364,"yaw":9.6736185893309,"roll":1.1548097391823,"setpose_image":"http:\/\/api.animetrics.com\/img\/setpose\/387c390a856f91ef7387a1d6a4de524b.jpg","attributes":{"gender":{"time":0.5932,"type":"F","confidence":"70%"}}}]}]}