{"images":[{"time":3.41475,"status":"Complete","file":"http:\/\/graph.facebook.com\/7931401\/picture?width=9999","width":540,"height":540,"image_id":"7128fa25e660836df694b510c03bd348","image_expiration":"2015-04-13 10:28 -0400","faces":[{"topLeftX":118,"topLeftY":66,"width":118,"height":118,"leftEyeCenterX":156.82015625,"leftEyeCenterY":107.97296875,"rightEyeCenterX":197.72375,"rightEyeCenterY":106.5625,"noseTipX":184.61140955274,"noseTipY":131.01342181775,"noseBtwEyesX":177.48045481316,"noseBtwEyesY":104.27805385133,"chinTipX":186.07435476619,"chinTipY":173.50941580453,"leftEyeCornerLeftX":147.87249511719,"leftEyeCornerLeftY":108.28150878906,"leftEyeCornerRightX":164.48958007813,"leftEyeCornerRightY":107.70850585937,"rightEyeCornerLeftX":188.13697021484,"rightEyeCornerLeftY":106.89307861328,"rightEyeCornerRightX":202.83669921875,"rightEyeCornerRightY":106.38619140625,"rightEarTragusX":-1,"rightEarTragusY":-1,"leftEarTragusX":-1,"leftEarTragusY":-1,"leftEyeBrowLeftX":137.91420833313,"leftEyeBrowLeftY":99.790871497281,"leftEyeBrowMiddleX":151.90933033995,"leftEyeBrowMiddleY":95.871782305816,"leftEyeBrowRightX":165.58019967816,"leftEyeBrowRightY":98.418558837834,"rightEyeBrowLeftX":186.78032529971,"rightEyeBrowLeftY":96.721993509771,"rightEyeBrowMiddleX":199.48865701141,"rightEyeBrowMiddleY":92.866732814094,"rightEyeBrowRightX":210.00637910761,"rightEyeBrowRightY":96.859870880701,"nostrilLeftHoleBottomX":175.76344872639,"nostrilLeftHoleBottomY":134.67719702606,"nostrilRightHoleBottomX":188.66326592546,"nostrilRightHoleBottomY":134.68230721574,"nostrilLeftSideX":169.87714965468,"nostrilLeftSideY":133.03423981443,"nostrilRightSideX":191.10918952412,"nostrilRightSideY":131.98106963393,"lipCornerLeftX":167.16569169351,"lipCornerLeftY":156.38795061392,"lipLineMiddleX":181.86803734368,"lipLineMiddleY":153.72373746968,"lipCornerRightX":193.51297849553,"lipCornerRightY":154.4360713027,"pitch":-0.11345418651457,"yaw":-19.40286044942,"roll":-5.1187731944794,"setpose_image":"http:\/\/api.animetrics.com\/img\/setpose\/c844643eb76d236a790223eaca7f8006.jpg","attributes":{"gender":{"time":0.5573,"type":"F","confidence":"90%"}}}]}]}