{"images":[{"time":5.06028,"status":"Complete","file":"http:\/\/graph.facebook.com\/48300947\/picture?width=9999","width":646,"height":646,"image_id":"d7969065b01d394dcc68d7700021f8af","image_expiration":"2015-04-13 10:29 -0400","faces":[{"topLeftX":10,"topLeftY":169,"width":101,"height":101,"leftEyeCenterX":45.2487890625,"leftEyeCenterY":208.5567578125,"rightEyeCenterX":74.2231640625,"rightEyeCenterY":205.53859375,"noseTipX":60.457494552877,"noseTipY":226.68739414989,"noseBtwEyesX":57.992544509024,"noseBtwEyesY":205.44277883422,"chinTipX":-1,"chinTipY":-1,"leftEyeCornerLeftX":41.674151000977,"leftEyeCornerLeftY":209.38675292969,"leftEyeCornerRightX":52.992266235352,"leftEyeCornerRightY":208.20778259277,"rightEyeCornerLeftX":67.526612548828,"rightEyeCornerLeftY":207.1514251709,"rightEyeCornerRightX":81.061192016602,"rightEyeCornerRightY":205.28393615723,"rightEarTragusX":-1,"rightEarTragusY":-1,"leftEarTragusX":-1,"leftEarTragusY":-1,"leftEyeBrowLeftX":34.762541012945,"leftEyeBrowLeftY":202.64090900947,"leftEyeBrowMiddleX":41.889858977305,"leftEyeBrowMiddleY":200.89775089714,"leftEyeBrowRightX":51.801699852676,"leftEyeBrowRightY":203.41249497534,"rightEyeBrowLeftX":67.065253454573,"rightEyeBrowLeftY":200.72531344325,"rightEyeBrowMiddleX":78.10335200086,"rightEyeBrowMiddleY":197.15410434557,"rightEyeBrowRightX":87.405842548414,"rightEyeBrowRightY":198.36525489384,"nostrilLeftHoleBottomX":55.577793536875,"nostrilLeftHoleBottomY":235.95743758657,"nostrilRightHoleBottomX":64.270933756614,"nostrilRightHoleBottomY":235.86499460491,"nostrilLeftSideX":53.38262233413,"nostrilLeftSideY":228.88256535403,"nostrilRightSideX":68.593730190413,"nostrilRightSideY":225.74337073012,"lipCornerLeftX":-1,"lipCornerLeftY":-1,"lipLineMiddleX":-1,"lipLineMiddleY":-1,"lipCornerRightX":-1,"lipCornerRightY":-1,"pitch":0.82420118606216,"yaw":10.086468749334,"roll":-3.6763451341772,"setpose_image":"http:\/\/api.animetrics.com\/img\/setpose\/977103b9b3f29624a0663521318e87fc.jpg","attributes":{"gender":{"time":0.57326,"type":"F","confidence":"100%"}}},{"topLeftX":232,"topLeftY":116,"width":242,"height":242,"leftEyeCenterX":311.65833333333,"leftEyeCenterY":208.76666666667,"rightEyeCenterX":400.39166666667,"rightEyeCenterY":212.8,"noseTipX":345.11694792511,"noseTipY":272.41134337069,"noseBtwEyesX":350.51516167138,"noseBtwEyesY":199.36471440728,"chinTipX":-1,"chinTipY":-1,"leftEyeCornerLeftX":295.08385416667,"leftEyeCornerLeftY":206.62395833333,"leftEyeCornerRightX":331.13177083333,"leftEyeCornerRightY":208.2625,"rightEyeCornerLeftX":380.98125,"rightEyeCornerLeftY":211.91770833333,"rightEyeCornerRightX":415.70572916667,"rightEyeCornerRightY":212.10677083333,"rightEarTragusX":459.09096443351,"rightEarTragusY":235.59513188745,"leftEarTragusX":-1,"leftEarTragusY":-1,"leftEyeBrowLeftX":280.77890516492,"leftEyeBrowLeftY":179.99937143561,"leftEyeBrowMiddleX":301.38164022832,"leftEyeBrowMiddleY":194.81156489812,"leftEyeBrowRightX":330.01184594815,"leftEyeBrowRightY":181.73921139133,"rightEyeBrowLeftX":379.29449640147,"rightEyeBrowLeftY":182.07239657033,"rightEyeBrowMiddleX":411.69728144339,"rightEyeBrowMiddleY":181.80906519308,"rightEyeBrowRightX":436.86795055023,"rightEyeBrowRightY":186.92380435761,"nostrilLeftHoleBottomX":333.565446297,"nostrilLeftHoleBottomY":280.45359432685,"nostrilRightHoleBottomX":363.05550109686,"nostrilRightHoleBottomY":282.904153077,"nostrilLeftSideX":316.7352905557,"nostrilLeftSideY":278.45042299388,"nostrilRightSideX":371.64456281281,"nostrilRightSideY":278.98244702496,"lipCornerLeftX":-1,"lipCornerLeftY":-1,"lipLineMiddleX":-1,"lipLineMiddleY":-1,"lipCornerRightX":-1,"lipCornerRightY":-1,"pitch":-3.5159600483221,"yaw":3.6080047479948,"roll":3.5311906967926,"setpose_image":"http:\/\/api.animetrics.com\/img\/setpose\/2c32b860264a60151f157a0b343291cb.jpg","attributes":{"gender":{"time":1.16039,"type":"M","confidence":"90%"}}}]}]}