{"images":[{"time":5.28009,"status":"Complete","file":"http:\/\/graph.facebook.com\/503263663\/picture?width=9999","width":478,"height":478,"image_id":"a46b3eb516ea2079002c8dd3c20771c0","image_expiration":"2015-04-13 10:40 -0400","faces":[{"topLeftX":330,"topLeftY":95,"width":110,"height":110,"leftEyeCenterX":342.76509486879,"leftEyeCenterY":88.195139247291,"rightEyeCenterX":399.79878131893,"rightEyeCenterY":88.582224389708,"noseTipX":363.74331383682,"noseTipY":122.19556346699,"noseBtwEyesX":373.08660039386,"noseBtwEyesY":83.299621119259,"chinTipX":-1,"chinTipY":-1,"leftEyeCornerLeftX":333.85358136096,"leftEyeCornerLeftY":88.134657193788,"leftEyeCornerRightX":356.12631692519,"leftEyeCornerRightY":89.177013678328,"rightEyeCornerLeftX":386.42546285183,"rightEyeCornerLeftY":89.382652660238,"rightEyeCornerRightX":414.05115472611,"rightEyeCornerRightY":89.570147026096,"rightEarTragusX":-1,"rightEarTragusY":-1,"leftEarTragusX":-1,"leftEarTragusY":-1,"leftEyeBrowLeftX":323.07037453565,"leftEyeBrowLeftY":74.860604523834,"leftEyeBrowMiddleX":338.83446894382,"leftEyeBrowMiddleY":68.406398120446,"leftEyeBrowRightX":357.35776005458,"leftEyeBrowRightY":72.14965025297,"rightEyeBrowLeftX":386.08036523558,"rightEyeBrowLeftY":72.207170054593,"rightEyeBrowMiddleX":407.39625164051,"rightEyeBrowMiddleY":69.470239099126,"rightEyeBrowRightX":422.20783371533,"rightEyeBrowRightY":75.98567625908,"nostrilLeftHoleBottomX":358.16925611234,"nostrilLeftHoleBottomY":129.59671576833,"nostrilRightHoleBottomX":368.36114827334,"nostrilRightHoleBottomY":129.61712602052,"nostrilLeftSideX":346.1354255132,"nostrilLeftSideY":124.01338068657,"nostrilRightSideX":381.34192477389,"nostrilRightSideY":125.01042447626,"lipCornerLeftX":338.64149930355,"lipCornerLeftY":164.76610528078,"lipLineMiddleX":-1,"lipLineMiddleY":-1,"lipCornerRightX":387.74788880654,"lipCornerRightY":164.86444558678,"pitch":0.36194470126166,"yaw":23.108422622402,"roll":3.7043228248188,"setpose_image":"http:\/\/api.animetrics.com\/img\/setpose\/15225d59ed94c37b72e457f6976a8e53.jpg","attributes":{"gender":{"time":0.54951,"type":"M","confidence":"70%"}}},{"topLeftX":133,"topLeftY":66,"width":196,"height":196,"leftEyeCenterX":193.43333333333,"leftEyeCenterY":149.3,"rightEyeCenterX":266.11666666667,"rightEyeCenterY":146.85,"noseTipX":227.22495327558,"noseTipY":180.2404464859,"noseBtwEyesX":226.54459286755,"noseBtwEyesY":138.71638705107,"chinTipX":227.2300427185,"chinTipY":258.73133630088,"leftEyeCornerLeftX":179.84348958333,"leftEyeCornerLeftY":150.89505208333,"leftEyeCornerRightX":209.3328125,"leftEyeCornerRightY":148.7640625,"rightEyeCornerLeftX":250.25546875,"rightEyeCornerLeftY":148.52161458333,"rightEyeCornerRightX":278.64739583333,"rightEyeCornerRightY":147.56458333333,"rightEarTragusX":-1,"rightEarTragusY":-1,"leftEarTragusX":-1,"leftEarTragusY":-1,"leftEyeBrowLeftX":167.58735174301,"leftEyeBrowLeftY":136.70414771011,"leftEyeBrowMiddleX":186.71380090772,"leftEyeBrowMiddleY":125.47056129731,"leftEyeBrowRightX":208.75511199684,"leftEyeBrowRightY":127.95956184281,"rightEyeBrowLeftX":244.41721024817,"rightEyeBrowLeftY":125.22963600806,"rightEyeBrowMiddleX":268.45718696017,"rightEyeBrowMiddleY":120.70464369158,"rightEyeBrowRightX":294.36179299061,"rightEyeBrowRightY":132.25720255216,"nostrilLeftHoleBottomX":216.26452906513,"nostrilLeftHoleBottomY":193.42179876326,"nostrilRightHoleBottomX":239.25427317116,"nostrilRightHoleBottomY":191.25177066553,"nostrilLeftSideX":203.33767594717,"nostrilLeftSideY":188.22153543909,"nostrilRightSideX":252.9259601279,"nostrilRightSideY":187.18487649752,"lipCornerLeftX":199.10450880791,"lipCornerLeftY":223.03700077759,"lipLineMiddleX":226.70238169406,"lipLineMiddleY":220.66337350276,"lipCornerRightX":259.0610827439,"lipCornerRightY":221.54224368755,"pitch":1.5910197355335,"yaw":5.1846871789474,"roll":-0.77708185006241,"setpose_image":"http:\/\/api.animetrics.com\/img\/setpose\/1df7da7d63e654c6da963349200294a9.jpg","attributes":{"gender":{"time":1.10935,"type":"M","confidence":"90%"}}}]}]}