{"images":[{"time":3.43334,"status":"Complete","file":"http:\/\/graph.facebook.com\/501720976\/picture?width=9999","width":583,"height":598,"image_id":"82c2e04e34fc10f3a81dd30df3e24beb","image_expiration":"2015-04-13 10:36 -0400","faces":[{"topLeftX":86,"topLeftY":122,"width":129,"height":129,"leftEyeCenterX":129.67625672336,"leftEyeCenterY":165.62518410526,"rightEyeCenterX":169.32589150045,"rightEyeCenterY":148.65380702246,"noseTipX":165.11957297498,"noseTipY":186.88930467414,"noseBtwEyesX":149.19630763258,"noseBtwEyesY":155.82768046419,"chinTipX":180.90233432626,"chinTipY":239.66402760075,"leftEyeCornerLeftX":122.24195020265,"leftEyeCornerLeftY":168.80731730828,"leftEyeCornerRightX":138.61479209776,"leftEyeCornerRightY":162.53222091179,"rightEyeCornerLeftX":161.1828894268,"rightEyeCornerLeftY":153.60534684611,"rightEyeCornerRightX":176.14067247776,"rightEyeCornerRightY":145.73685158636,"rightEarTragusX":-1,"rightEarTragusY":-1,"leftEarTragusX":99.467917188222,"leftEarTragusY":215.81063521874,"leftEyeBrowLeftX":109.62628848406,"leftEyeBrowLeftY":164.30022600047,"leftEyeBrowMiddleX":119.85346441231,"leftEyeBrowMiddleY":155.31531909108,"leftEyeBrowRightX":136.23676341342,"leftEyeBrowRightY":151.83099865818,"rightEyeBrowLeftX":156.24488708177,"rightEyeBrowLeftY":143.01687887316,"rightEyeBrowMiddleX":166.6731328953,"rightEyeBrowMiddleY":136.18317485057,"rightEyeBrowRightX":174.92813165615,"rightEyeBrowRightY":136.27959058033,"nostrilLeftHoleBottomX":153.79063204684,"nostrilLeftHoleBottomY":193.37319605884,"nostrilRightHoleBottomX":169.14653741277,"nostrilRightHoleBottomY":185.86191109562,"nostrilLeftSideX":150.33659431781,"nostrilLeftSideY":188.92204749602,"nostrilRightSideX":171.66959708012,"nostrilRightSideY":178.03109621881,"lipCornerLeftX":154.10459498216,"lipCornerLeftY":224.59180144715,"lipLineMiddleX":165.60432284849,"lipLineMiddleY":208.32696214752,"lipCornerRightX":185.71710082861,"lipCornerRightY":209.91904415861,"pitch":-1.8838437882137,"yaw":-14.937329249889,"roll":-21.768670617136,"setpose_image":"http:\/\/api.animetrics.com\/img\/setpose\/5d05b2c259a7b22522be1632c0a7238e.jpg","attributes":{"gender":{"time":0.58845,"type":"M","confidence":"50%"}}}]}]}