{"images":[{"time":3.24556,"status":"Complete","file":"http:\/\/graph.facebook.com\/2718379\/picture?width=9999","width":1152,"height":1152,"image_id":"a765a7612b27454b67dc136226074d5c","image_expiration":"2015-04-13 10:27 -0400","faces":[{"topLeftX":432,"topLeftY":557,"width":187,"height":187,"leftEyeCenterX":492.775,"leftEyeCenterY":631.02083333333,"rightEyeCenterX":557.44583333333,"rightEyeCenterY":627.90416666667,"noseTipX":527.10940637289,"noseTipY":672.79221446534,"noseBtwEyesX":527.35220246868,"noseBtwEyesY":624.62614137135,"chinTipX":528.90764252318,"chinTipY":738.25494589813,"leftEyeCornerLeftX":484.69114583333,"leftEyeCornerLeftY":631.41041666667,"leftEyeCornerRightX":509.95319010417,"leftEyeCornerRightY":630.19296875,"rightEyeCornerLeftX":545.36875,"rightEyeCornerLeftY":629.4990234375,"rightEyeCornerRightX":572.60305989583,"rightEyeCornerRightY":627.17369791667,"rightEarTragusX":-1,"rightEarTragusY":-1,"leftEarTragusX":-1,"leftEarTragusY":-1,"leftEyeBrowLeftX":466.51434625564,"leftEyeBrowLeftY":617.95652156182,"leftEyeBrowMiddleX":486.57392972531,"leftEyeBrowMiddleY":610.63057970321,"leftEyeBrowRightX":511.43747038361,"leftEyeBrowRightY":615.3163865653,"rightEyeBrowLeftX":545.12981347959,"rightEyeBrowLeftY":613.33628531791,"rightEyeBrowMiddleX":568.37234336627,"rightEyeBrowMiddleY":607.87229442051,"rightEyeBrowRightX":586.08902336785,"rightEyeBrowRightY":612.97812275931,"nostrilLeftHoleBottomX":518.64062234189,"nostrilLeftHoleBottomY":685.58400307137,"nostrilRightHoleBottomX":540.08120431206,"nostrilRightHoleBottomY":684.32393864121,"nostrilLeftSideX":510.11276318467,"nostrilLeftSideY":679.93814711964,"nostrilRightSideX":546.8680465621,"nostrilRightSideY":677.77803666794,"lipCornerLeftX":507.88893791059,"lipCornerLeftY":711.82854195759,"lipLineMiddleX":529.26951681298,"lipLineMiddleY":709.54749744467,"lipCornerRightX":553.83304213238,"lipCornerRightY":709.12840389296,"pitch":-2.2501653433788,"yaw":0.017733690645145,"roll":-1.9263356962087,"setpose_image":"http:\/\/api.animetrics.com\/img\/setpose\/175ea8731235df147a13d0e5ff699277.jpg","attributes":{"gender":{"time":0.74498,"type":"F","confidence":"90%"}}}]}]}