{"images":[{"time":3.13239,"status":"Complete","file":"http:\/\/graph.facebook.com\/503111659\/picture?width=9999","width":640,"height":640,"image_id":"b0e0873c240e62913d86e979929725fe","image_expiration":"2015-04-13 10:40 -0400","faces":[{"topLeftX":157,"topLeftY":107,"width":221,"height":221,"leftEyeCenterX":224.22083333333,"leftEyeCenterY":193.55833333333,"rightEyeCenterX":312.62083333333,"rightEyeCenterY":163.17083333333,"noseTipX":261.41134058769,"noseTipY":227.26011520826,"noseBtwEyesX":253.20374005689,"noseBtwEyesY":176.17261862316,"chinTipX":291.43617965266,"chinTipY":318.367713666,"leftEyeCornerLeftX":202.12083333333,"leftEyeCornerLeftY":201.15520833333,"leftEyeCornerRightX":241.27063802083,"leftEyeCornerRightY":189.24192708333,"rightEyeCornerLeftX":291.47044270833,"rightEyeCornerLeftY":173.53020833333,"rightEyeCornerRightX":324.14563802083,"rightEyeCornerRightY":160.75364583333,"rightEarTragusX":420.48119198349,"rightEarTragusY":173.65473663477,"leftEarTragusX":-1,"leftEarTragusY":-1,"leftEyeBrowLeftX":183.59399306539,"leftEyeBrowLeftY":181.28881117971,"leftEyeBrowMiddleX":201.45127187653,"leftEyeBrowMiddleY":168.74763274826,"leftEyeBrowRightX":230.3180419507,"leftEyeBrowRightY":165.07719027075,"rightEyeBrowLeftX":268.05554798091,"rightEyeBrowLeftY":150.39725653076,"rightEyeBrowMiddleX":304.31927029232,"rightEyeBrowMiddleY":131.46968198366,"rightEyeBrowRightX":337.49158462379,"rightEyeBrowRightY":131.06435783392,"nostrilLeftHoleBottomX":258.7532903978,"nostrilLeftHoleBottomY":242.45934382787,"nostrilRightHoleBottomX":282.33199373549,"nostrilRightHoleBottomY":232.69202248453,"nostrilLeftSideX":249.70884409315,"nostrilLeftSideY":239.25212895007,"nostrilRightSideX":301.17179502582,"nostrilRightSideY":222.98260459115,"lipCornerLeftX":254.91097373683,"lipCornerLeftY":277.10544187421,"lipLineMiddleX":281.37934106255,"lipLineMiddleY":271.0945000983,"lipCornerRightX":322.43986887086,"lipCornerRightY":256.847924148,"pitch":5.4960843145016,"yaw":19.902108690926,"roll":-17.4016899085,"setpose_image":"http:\/\/api.animetrics.com\/img\/setpose\/51d8af27a0d7a9db11d173f032894103.jpg","attributes":{"gender":{"time":0.58667,"type":"F","confidence":"90%"}}}]}]}