{"images":[{"time":3.74609,"status":"Complete","file":"http:\/\/graph.facebook.com\/501835563\/picture?width=9999","width":434,"height":439,"image_id":"36ac9a97f4a6895a0d4362a7aedcb9c6","image_expiration":"2015-04-13 10:36 -0400","faces":[{"topLeftX":25,"topLeftY":-19,"width":413,"height":413,"leftEyeCenterX":162.85366128575,"leftEyeCenterY":118.82473260732,"rightEyeCenterX":295.98268340982,"rightEyeCenterY":154.60228570824,"noseTipX":229.27932665288,"noseTipY":251.52038639367,"noseBtwEyesX":237.70876749383,"noseBtwEyesY":129.70634991485,"chinTipX":-1,"chinTipY":-1,"leftEyeCornerLeftX":131.09252245822,"leftEyeCornerLeftY":112.51950956998,"leftEyeCornerRightX":189.3364696375,"leftEyeCornerRightY":128.17218905163,"rightEyeCornerLeftX":262.1414036116,"rightEyeCornerLeftY":147.7380384037,"rightEyeCornerRightX":310.94673837372,"rightEyeCornerRightY":165.31490275792,"rightEarTragusX":-1,"rightEarTragusY":-1,"leftEarTragusX":15.076341317166,"leftEarTragusY":143.4018169726,"leftEyeBrowLeftX":121.06012276088,"leftEyeBrowLeftY":77.554185823767,"leftEyeBrowMiddleX":172.22985525699,"leftEyeBrowMiddleY":80.239168182307,"leftEyeBrowRightX":216.13982574227,"leftEyeBrowRightY":101.25214151472,"rightEyeBrowLeftX":278.57080929956,"rightEyeBrowLeftY":120.55101605751,"rightEyeBrowMiddleX":320.76668078875,"rightEyeBrowMiddleY":123.04297658621,"rightEyeBrowRightX":345.20207783122,"rightEyeBrowRightY":140.99647273986,"nostrilLeftHoleBottomX":184.02397812724,"nostrilLeftHoleBottomY":268.50299897841,"nostrilRightHoleBottomX":226.02682787089,"nostrilRightHoleBottomY":279.96882037407,"nostrilLeftSideX":164.9354481755,"nostrilLeftSideY":247.49580006573,"nostrilRightSideX":248.36785660462,"nostrilRightSideY":272.52758530635,"lipCornerLeftX":-1,"lipCornerLeftY":-1,"lipLineMiddleX":-1,"lipLineMiddleY":-1,"lipCornerRightX":-1,"lipCornerRightY":-1,"pitch":0.62120672176772,"yaw":-20.252594711338,"roll":16.590828644595,"setpose_image":"http:\/\/api.animetrics.com\/img\/setpose\/f1191455860491a846f27b5100c64a23.jpg","attributes":{"gender":{"time":0.82109,"type":"F","confidence":"80%"}}}]}]}