{"images":[{"time":4.60075,"status":"Complete","file":"http:\/\/graph.facebook.com\/1930339\/picture?width=9999","width":604,"height":604,"image_id":"85d061d2ac2859f606311546fc09cc2d","image_expiration":"2015-04-13 10:27 -0400","faces":[{"topLeftX":325,"topLeftY":228,"width":122,"height":122,"leftEyeCenterX":359.05833333333,"leftEyeCenterY":271.19166666667,"rightEyeCenterX":407.85833333333,"rightEyeCenterY":282.375,"noseTipX":380.01573814804,"noseTipY":302.15736647587,"noseBtwEyesX":385.42158152696,"noseBtwEyesY":274.93687274311,"chinTipX":367.10592165116,"chinTipY":347.98886011529,"leftEyeCornerLeftX":349.14583333333,"leftEyeCornerLeftY":268.92005208333,"leftEyeCornerRightX":370.32109375,"leftEyeCornerRightY":274.57526041667,"rightEyeCornerLeftX":395.30885416667,"rightEyeCornerLeftY":281.10416666667,"rightEyeCornerRightX":416.07109375,"rightEyeCornerRightY":285.05963541667,"rightEarTragusX":-1,"rightEarTragusY":-1,"leftEarTragusX":308.33259089738,"leftEarTragusY":284.96745006759,"leftEyeBrowLeftX":344.86574641726,"leftEyeBrowLeftY":256.72822555848,"leftEyeBrowMiddleX":361.37861655616,"leftEyeBrowMiddleY":255.62270484758,"leftEyeBrowRightX":374.58082356992,"leftEyeBrowRightY":261.89097235003,"rightEyeBrowLeftX":398.35751973778,"rightEyeBrowLeftY":268.13606761678,"rightEyeBrowMiddleX":413.39158768764,"rightEyeBrowMiddleY":269.94475631657,"rightEyeBrowRightX":424.45226999029,"rightEyeBrowRightY":274.91075100329,"nostrilLeftHoleBottomX":370.28050088956,"nostrilLeftHoleBottomY":305.62433624202,"nostrilRightHoleBottomX":383.83576665039,"nostrilRightHoleBottomY":310.3472343525,"nostrilLeftSideX":363.61283018194,"nostrilLeftSideY":299.2229343336,"nostrilRightSideX":388.5818369925,"nostrilRightSideY":307.36645773882,"lipCornerLeftX":352.4219629631,"lipCornerLeftY":316.17860267801,"lipLineMiddleX":373.4609790985,"lipLineMiddleY":320.17221105979,"lipCornerRightX":390.46004238594,"lipCornerRightY":324.0558572713,"pitch":3.9001951061001,"yaw":-13.188863276242,"roll":14.405007417603,"setpose_image":"http:\/\/api.animetrics.com\/img\/setpose\/d7d515e8f9d1abaf66351bf898d411f8.jpg","attributes":{"gender":{"time":0.54591,"type":"F","confidence":"90%"}}},{"topLeftX":192,"topLeftY":55,"width":165,"height":165,"leftEyeCenterX":245.625,"leftEyeCenterY":118.25,"rightEyeCenterX":302,"rightEyeCenterY":127.1875,"noseTipX":286.99521468963,"noseTipY":156.24357287792,"noseBtwEyesX":283.95104192554,"noseBtwEyesY":114.90858578479,"chinTipX":263.43842127869,"chinTipY":226.07344709388,"leftEyeCornerLeftX":230.650390625,"leftEyeCornerLeftY":115.8759765625,"leftEyeCornerRightX":257.076171875,"leftEyeCornerRightY":120.0654296875,"rightEyeCornerLeftX":288.787109375,"rightEyeCornerLeftY":125.0927734375,"rightEyeCornerRightX":308.9072265625,"rightEyeCornerRightY":129.185546875,"rightEarTragusX":-1,"rightEarTragusY":-1,"leftEarTragusX":175.41865482241,"leftEarTragusY":138.45567893158,"leftEyeBrowLeftX":219.51823282159,"leftEyeBrowLeftY":98.670118501896,"leftEyeBrowMiddleX":245.27586917772,"leftEyeBrowMiddleY":94.201227924297,"leftEyeBrowRightX":266.52475064361,"leftEyeBrowRightY":101.12778738543,"rightEyeBrowLeftX":298.03876238952,"rightEyeBrowLeftY":107.74742475587,"rightEyeBrowMiddleX":314.66158819523,"rightEyeBrowMiddleY":108.40113325121,"rightEyeBrowRightX":321.87513756801,"rightEyeBrowRightY":115.99392525969,"nostrilLeftHoleBottomX":273.81573644361,"nostrilLeftHoleBottomY":163.54196684771,"nostrilRightHoleBottomX":288.48484487216,"nostrilRightHoleBottomY":164.82945168142,"nostrilLeftSideX":264.78570263493,"nostrilLeftSideY":155.67470895749,"nostrilRightSideX":295.25423922162,"nostrilRightSideY":163.06535560716,"lipCornerLeftX":246.30652805062,"lipCornerLeftY":191.89962102968,"lipLineMiddleX":273.69102753053,"lipLineMiddleY":195.10836703549,"lipCornerRightX":282.63621676883,"lipCornerRightY":197.38893866423,"pitch":3.2609347395147,"yaw":-30.033445120467,"roll":7.7914406038271,"setpose_image":"http:\/\/api.animetrics.com\/img\/setpose\/e41353edac30cd68a044f70ad000a2ae.jpg","attributes":{"gender":{"time":1.11438,"type":"M","confidence":"100%"}}}]}]}